-- phpMyAdmin SQL Dump
-- version 4.5.2
-- http://www.phpmyadmin.net
--
-- Host: 127.0.0.1
-- Generation Time: Jan 05, 2017 at 02:52 PM
-- Server version: 5.7.9
-- PHP Version: 5.6.16

SET SQL_MODE = "NO_AUTO_VALUE_ON_ZERO";
SET time_zone = "+00:00";


/*!40101 SET @OLD_CHARACTER_SET_CLIENT=@@CHARACTER_SET_CLIENT */;
/*!40101 SET @OLD_CHARACTER_SET_RESULTS=@@CHARACTER_SET_RESULTS */;
/*!40101 SET @OLD_COLLATION_CONNECTION=@@COLLATION_CONNECTION */;
/*!40101 SET NAMES utf8mb4 */;

--
-- Database: `library_db`
--

-- --------------------------------------------------------

--
-- Table structure for table `tbl_book_category`
--

DROP TABLE IF EXISTS `tbl_book_category`;
CREATE TABLE IF NOT EXISTS `tbl_book_category` (
  `bc_id` int(11) NOT NULL AUTO_INCREMENT,
  `bc_detail` varchar(50) NOT NULL,
  PRIMARY KEY (`bc_id`),
  KEY `index2` (`bc_detail`)
) ENGINE=InnoDB AUTO_INCREMENT=9 DEFAULT CHARSET=latin1;

--
-- Dumping data for table `tbl_book_category`
--

INSERT INTO `tbl_book_category` (`bc_id`, `bc_detail`) VALUES
(1, 'Araling Panlipunan'),
(3, 'English'),
(4, 'Filipino'),
(5, 'MAPEH / MSEPP / PEHM'),
(6, 'Mathematics'),
(2, 'Science'),
(8, 'TLE'),
(7, 'Uncategorized');

-- --------------------------------------------------------

--
-- Table structure for table `tbl_book_info`
--

DROP TABLE IF EXISTS `tbl_book_info`;
CREATE TABLE IF NOT EXISTS `tbl_book_info` (
  `b_id` int(11) NOT NULL AUTO_INCREMENT,
  `b_title` varchar(200) NOT NULL,
  `b_add_info` varchar(50) NOT NULL,
  `b_author` varchar(70) NOT NULL,
  `b_publisher` varchar(50) NOT NULL,
  `b_qty` int(11) NOT NULL,
  `b_copyright` int(11) NOT NULL,
  `b_call_no` varchar(30) NOT NULL,
  `b_acc_no` varchar(30) NOT NULL,
  `b_isbn` varchar(50) NOT NULL,
  `bc_id` int(11) NOT NULL,
  PRIMARY KEY (`b_id`),
  KEY `index2` (`b_title`,`b_author`,`b_publisher`)
) ENGINE=InnoDB AUTO_INCREMENT=877 DEFAULT CHARSET=latin1;

--
-- Dumping data for table `tbl_book_info`
--

INSERT INTO `tbl_book_info` (`b_id`, `b_title`, `b_add_info`, `b_author`, `b_publisher`, `b_qty`, `b_copyright`, `b_call_no`, `b_acc_no`, `b_isbn`, `bc_id`) VALUES
(1, 'Agos ng Dugong Kayumanggi………', '', 'Jaime B. Veneracion', 'Abiva', 1, 1997, '959.9 V456a', '1516', '', 1),
(2, 'Ang Kasaysayan  ng Pilipinas I :', '', 'Vanessa P. Alcantara', 'CJS', 1, 2008, '959.9 A347k', '', '', 1),
(3, 'Sa Paglipas at Kasalukuyang Panahon', '', 'Vanessa P. Alcantara', 'CJS', 1, 2008, '959.9 A347k', '', '', 1),
(4, 'Ang Kasaysayan at Pamahalaan ng Pilipinas I', '', 'Alberto S. Abeleda Jr.', 'St. Bernadette', 1, 1995, '959.9 Ab141k', '1515', '', 1),
(5, 'Ang Kasaysayan at Pamahalaan ng Pilipinas I', '', 'Reynaldo Oliveros', 'Ibon Foundations', 1, 2002, '959.9 O58k', '1517', '', 1),
(6, 'Ang Pamahalaan ng Pilipinas I', '', 'Felicitas T. Leogardo', 'Rex', 1, 1982, '959.9 L578p', '1513', '', 1),
(7, 'Ang Pilipinas:Heograpiya,Kasaysayan at Pamahalaan I', '', 'Lamberto Gabriel', 'St. Bernadette', 2, 1997, '959.9 G118p', '', '', 1),
(8, 'History of the Philippines I', '', 'Emmanuel S. Gonzales', 'IEMI', 1, 2011, '959.9 G643h', '', '', 1),
(9, 'Kabihasnang Pilipino Kasaysayan at Pamahalaan', '', 'Celestina P. Boncan', 'Vibal', 1, 2005, '959.9 B699k', '', '', 1),
(10, 'Kasaysayan ng Pilipinas : Pagbabago para ', '', 'Florida C. Leuterio', 'St. Augustine', 1, 2002, '959.9 L654k', '', '', 1),
(11, 'sa Kaunlaran at Kapayapaan I', '', 'Florida C. Leuterio', 'St. Augustine', 1, 2002, '959.9 L654k', '', '', 1),
(12, 'Kasaysayan at Pamahalaan ng Pilipinas I', '', 'Paz N. Pulido', 'Marren Pub', 1, 1988, '959.9 P981k', '1426', '', 1),
(13, 'Kasaysayan at Pamahalaan ng Pilipinas I', '', 'Ma. Luisa T. Camagay', 'Sibs', 4, 2001, '959.9 C172k', '1523', '', 1),
(14, 'Kasaysayan at Pamahalaan ng Pilipinas I', '', 'Cayetano P. gregorio', 'St. Augustine', 1, 1995, '959.9 G821k', '1514', '', 1),
(15, 'Kasaysayan at Pamahalaang Pilipino I', '', 'Andrew Gonzales', 'Phoenix', 1, 2012, '959.9 G643k', '1518', '', 1),
(16, 'Kasaysayan at Pamahalaang Pilipino I', '2nd ed', 'Andrew Gonzales', 'Phoenix', 1, 1996, '959.9 G643k', '1418', '', 1),
(17, 'Kasaysayan ng Pilipinas Batay sa mga Primaryang Sanggunian I', '', 'Antonio B. Columbres', 'Vibal', 10, 2013, '959.9 C726k', '', '', 1),
(18, 'Kasaysayan ng Pilipinas', '', 'Conchita F. Leong', 'IEMI', 1, 2004, '959.9 L538k', '', '', 1),
(19, 'Kayamanan 7', '', 'Eleanor D. Antonio', 'Rex', 1, 2013, '959.9 A635k', '', '', 1),
(20, 'Landas ng Lahi I:Kasaysayan at Pamahalaan ng Pilipinas', '', 'Juan Alvin B. Tiamson', 'Trinitas', 2, 2004, '959.9 T551l', '', '', 1),
(21, 'Pana-panahon:Kasaysayan ng Pilipinas I', '', 'Eleanor D. Antonio', 'Rex', 1, 1999, '959.9 An635p', '1448', '', 1),
(22, 'Philippine History & Government I', '', 'Edgar B. Fabian', 'Sunshine Interlink', 1, 2011, '959.9 F118p', '', '', 1),
(23, 'Philippine History & Government I', '2nd ed', 'Florida C. Leuterio', 'St. Augustine', 1, 2002, '959.9 L654p', '1521', '', 1),
(24, 'Philippine History & Government I', '2rd ed', 'Florida C. Leuterio', 'St. Augustine', 1, 2002, '959.9 L654p', '', '', 1),
(25, 'Philippine History & Government I', '', 'Teofista Vibar', 'Vibal', 1, 1996, '959.9 V855p', '1503', '', 1),
(26, 'Philippine History: Module-based Learning I', '', 'Rebecca R. Ongsotto', 'Rex', 1, 2003, '959.9 O48p', '1468', '', 1),
(27, 'Philippine History: Past & Present I', '', 'Vanessa P. Alcantara', 'CJS', 1, 2009, '959.9 A347p', '', '', 1),
(28, 'Philippine History: Worktext in Phil . History', '2nd ed', 'Eleanor D. Antonio', 'Rex', 1, 2011, '959.9 A635t', '', '', 1),
(29, 'Pilipinas 7', '', 'Juan Alvin B. Tiamson', 'Trinitas', 1, 2014, '959.9 T551p', '', '', 1),
(30, 'Pilipinas: Kasaysayan at Pamahalaan I', '', 'Lorente Palacios', 'Rex', 1, 1989, '959.9 P153p', '1522', '', 1),
(31, 'Pilipinas:Heograpiya,Kasaysayan at Pamahalaan', '', 'Teofista Vibar', 'Vibal', 1, 1998, '959.9 V855p', '1520', '', 1),
(32, 'Sulyap sa Kasaysayan ng Pilipinas I', '', 'Jennifer P. Bajao', 'St. Bernadette', 4, 2007, '959.9 B165s', '', '', 1),
(33, 'The Filipinos, their History & Government', '', 'Teofista Vibar', 'Abiva', 1, 1989, '959.9 V855f', '1510', '', 1),
(34, 'The Nations in Focus I: Phil. History & Govt.', '', 'Alberto S. Abeleda Jr.', 'St. Bernadette', 1, 2006, '959.9 A141n', '', '', 1),
(35, 'Turning Points I', '', 'Eleanor D. Antonio', 'Rex', 1, 2007, '950 A635t', '', '', 1),
(36, 'Ang Asya Heograpiya,Kasaysayan at Kultura', '', 'Mila L. Bufete', 'St. Bernadette', 1, 1998, '950 B929a', '1529', '', 1),
(37, 'Ang Pilipino at ang Kasaysayan ng mga Bansang Asyano', '', 'Samuel Julius Palenzuela', 'St. Bernadette', 3, 1991, '950 P156p', '', '', 1),
(38, 'Araling Asyano 7', '', 'Romela M. Cruz', 'Vibal', 1, 2013, '950 C957a', '', '', 1),
(39, 'Asian History', '', 'Erlinda O. Dejarme', 'St. Augustine', 1, 2006, '950 D326a', '', '', 1),
(40, 'Asian History & Civilization ', '2nd ed', 'Florida C. Leuterio', 'St. Augustine', 2, 2002, '950 L654a', '1532', '', 1),
(41, 'Asian History & Civilization ', '2004ed', 'Ma. Cristina Tabing', 'IBON', 1, 2004, '950 T113a', '', '', 1),
(42, 'Asian History II', '', 'Melchor F. Encabo', 'Sunshine Interlinks', 1, 2011, '950 E56a', '', '', 1),
(43, 'Asian History II ', '', 'Juliana B. Tolentino', 'St. Bernadette', 1, 2000, '950 T649a', '', '', 1),
(44, 'Asian History II Linking Past & Present', '', 'Vanessa P. Alcantara', 'CJS', 1, 2008, '950 A347a', '', '', 1),
(45, 'Asian Identity in the Global World', '', 'Patrick Anthony de Castro', 'Sibs', 1, 2014, '950 D291a', '', '', 1),
(46, 'Asya Heograpiya,Kasaysayan at Kultura', '', 'Teofista L. Vivar', 'Vibal', 1, 1999, '951 V855a', '1527', '', 1),
(47, 'Asya Kasaysayan at Kabihasnan II', '', 'Zeus A. Salazar', 'Abiva', 2, 2010, '950 Sa161a', '', '', 1),
(48, 'Asya Kasaysayan at Kabihasnan II', '', 'Purificacion R. Sobrichea', 'Jo-es', 1, 1997, '950 So677a', '1530', '', 1),
(49, 'Asya sa Pagdaan ng Panahon II', '', 'Vanessa P. Alcantara', 'CJS', 1, 2008, '950 A347a', '', '', 1),
(50, 'Asya Tungo sa Pag-unlad', '', 'Evelina M. Villoria', 'Vibal', 1, 2003, '950 V759a', '', '', 1),
(51, 'Daloy ng Kabihasnan ng Asya II', '', 'Zenaida Q. Reyes', 'Dane Pub', 1, 1997, '950 R457d', '1531', '', 1),
(52, 'Kabihasnang Asyano Kasaysayan at Kultura II', '', 'Ma. Luisa T. Camagay', 'Vibal', 1, 2010, '950 C173k', '', '', 1),
(53, 'Kabihasnang Asyano Kasaysayan at Kultura II', '', 'Ma. Luisa T. Camagay', 'Vibal', 1, 2005, '950 C173k', '', '', 1),
(54, 'Kabishasnang Asyano:Isang Kasaysayang Introduksyon', '', 'Zeus A. Salazar', 'Cacho Pub', 1, 1990, '950 Sa161k', '1525', '', 1),
(55, 'Kasaysayan  ng Asya 8', '', 'Everlinda D. Jimenez', 'Salesiana', 1, 2012, '950 J61k', '', '', 1),
(56, 'Kasaysayan at Kabihasnan ng Asya ', 'new ed', 'Tersita O. Santos', 'New Horizon', 1, 2007, '950 Sa237k', '', '', 1),
(57, 'Kasaysayan at Kabihasnan ng Asya II', '', 'Andrew Gonzales', 'Phoenix', 1, 2000, '950 G643k', '1523', '', 1),
(58, 'Kasaysayan at Kabihasnan ng Asya II', '2nd ed', 'Andrew Gonzales', 'Phoenix', 1, 1997, '950 G643k', '1534', '', 1),
(59, 'Kasaysayan at Kabihasnan ng Asya II', 'ed2002', 'Ma. Cristina Tabing', 'IBON', 1, 2000, '950 T113k', '1527', '', 1),
(60, 'Kasaysayan at Kabihasnan ng Asya II', '', 'Andrew Gonzales', 'Phoenix', 1, 2002, '950 G643k', '', '', 1),
(61, 'Kasaysayan at Kabihasnan ng Asya II', '2004ed', 'Ma. Cristina Tabing', 'IBON', 1, 2004, '950 T113k', '', '', 1),
(62, 'Kasaysayan ng Asya', '', 'Serafin D. Quiason', 'Phoenix', 3, 1990, '950 Q6k', '', '', 1),
(63, 'Kasaysayan ng Asya II: Isang Iskolaring Pag-aaral', '', 'Emmanuel S. Gonzales', 'IEMI', 1, 2004, '950 G643k', '', '', 1),
(64, 'Kasaysayan ng Asya Isang Iskolaring Pag-aaral', '', 'Emmanuel S. Gonzales', 'IEMI', 1, 2004, '950 G643k', '', '', 1),
(65, 'Kasaysayan ng Asyano (Henyo) II', '', 'Liezel O. Agliam', 'Victorious', 1, 2009, '', '', '', 1),
(66, 'Kasaysayan ng Mamamayan ng Asya', '', 'Ramon Guillermo', 'IBON', 1, 2015, '950 G958k', '', '', 1),
(67, 'Kasaysayan ng mga Bansang Asyano', '', 'Samuel Julius Palenzuela', 'St. Bernadette', 1, 1990, '950 P156k', '1524', '', 1),
(68, 'Kasaysayan ng mga Bansang Asyano', '7th ed', 'Gregorio F. Zaide', 'All Nations Pub', 1, 2005, '950 Z211k', '', '', 1),
(69, 'Kayamanan II Kasaysayan ng Asya', '', 'Maria Carmelita B. Samson', 'Rex', 2, 2005, '950 Sa193k', '', '', 1),
(70, 'Pamana ng Asya Diwang Makabayan……..', 'rev ed', 'Juan Alvin B. Tiamson', 'Trinitas', 1, 2009, '950 T551p', '', '', 1),
(71, 'Pamana ng Asya Kasaysayan,Kabihasnan……..', '', 'Juan Alvin B. Tiamson', 'Trinitas', 2, 0, '950 T551p', '', '', 1),
(72, 'Pana-Panahon II Kasaysayan ng Asya', '', 'Ma. Carmelita B. Samson', 'Rex', 3, 2000, '950 Sa193p', '', '', 1),
(73, 'The Countries & Peoples of Asia ', '', 'Teofista L. Vivar', 'Vibal', 1, 1998, '950 V855c', '1526', '', 1),
(74, 'Turning Points II', '', 'Ma. Carmelita B. Samson', 'Rex', 1, 2007, '950 Sa193t', '', '', 1),
(75, 'Turning Points II', '2nd ed', 'Ma. Carmelita B. Samson', 'Rex', 1, 2011, '950 Sa193t', '', '', 1),
(76, 'Bagong Kalakaran sa Ekonomiks ', '', 'Rhodora R. Tolentino', 'St. Bernadette', 1, 1998, '330 T649b', '1440', '', 1),
(77, 'Economics for Development', 'new ed', 'Florida C. Leuterio', 'St. Augustine', 1, 1997, '330 L654e', '1539', '', 1),
(78, 'Economics for Development', '2nd ed', 'Florida C. Leuterio', 'St. Augustine', 2, 2002, '330 L654e', '', '', 1),
(79, 'Economics for the Filipino ', '2004ed', 'Shirley Nuevo', 'IBON', 1, 2004, '330 N964e', '2358', '', 1),
(80, 'Economics in the Changing Times IV', '', 'Vanessa P. Alcantara', 'CJS', 1, 2008, '330 A347e', '2363', '', 1),
(81, 'Economics IV', '', 'Edna Oxales', 'Sunshine Interlinks', 1, 2011, '330 Ox98e', '2378', '', 1),
(82, 'Economics IV', '', 'Juliana B. Tolentino', 'St. Bernadette', 1, 2004, '330 T649e', '1590', '', 1),
(83, 'Economics Module-based Learning', '', 'Rebecca R. Ongsotto', 'Rex', 1, 2002, '330 On58e', '1493', '', 1),
(84, 'Economics Social Studies for High School IV', '', 'Mario V. Perilla', 'Trinitas', 1, 1999, '330 P444e', '1545', '', 1),
(85, 'Economics Theories & Principles', '', 'Teofista L. Vivar', 'Vibal', 1, 1998, '330 V855e', '1559', '', 1),
(86, 'Ekonomiks IV Isang Iskolaring Pag-aaral', '', 'Emmanuel S. Gonzales', 'IEMI', 1, 2004, '330 G643e', '2359', '', 1),
(87, 'Ekonomiks Ngayon IV', '2nd ed', 'Florida C. Leuterio', 'St. Augustine', 1, 2002, '330 L654e', '2355', '', 1),
(88, 'Ekonomiks Pag-aral sa Pinagkukunang Yaman...', '', 'Anthony T. Chua', 'Trinitas', 1, 2005, '330 C559e', '2360', '', 1),
(89, 'Ekonomiks Pagsulong at Pag-unlad', '', 'Julia D. Rillo', 'Vibal', 1, 2004, '330 R574e', '2357', '', 1),
(90, 'Ekonomiks Para sa Mataas na Paaralan', '', 'Aurora L. Santiano', 'Mega-jesta', 1, 1997, '330 Sa235e', '1543', '', 1),
(91, 'Ekonomiks sa Nagbabagong Panahon IV', '', 'Vanessa P. Alcantara', 'CJS', 1, 2008, '330 A347e', '2364', '', 1),
(92, 'Ekonomkis III', '', 'Marilou R. Santiano', 'FNB', 1, 1990, '330 Sa235e', '1547', '', 1),
(93, 'Kayamanan: Ekonomiks', '', 'Consuelo Imperial', 'Rex', 10, 2005, '330Im34k', '', '', 1),
(94, 'Managing Resources, Securing the Future', '', 'Jesus B. Remiter Jr.', 'Sibs', 1, 2014, '330 R388m', '2367', '', 1),
(95, 'Pagsulong na Pagkilos: Ekonomiks', '', 'Rosemarie P. Dinio', 'Salesiana', 1, 2012, '330 D585p', '2366', '', 1),
(96, 'Pana-Panahon Ekonomiks III', '', 'Consuelo M. Imperial', 'Rex', 1, 1999, '330 Im34p', '1464', '', 1),
(97, 'Pana-panahon IV: Ekonomiks', '', 'Consuelo M. Imperial', 'Rex', 2, 1999, '330 Im34p', '', '', 1),
(98, 'Pambansang Ekonomiya at Pag-unlad', '', 'Bernard R. Balitao', 'Vibal', 10, 2015, '330 B186p', '', '', 1),
(99, 'Turning Points IV: Economics', '', 'Consuelo Imperial', 'Rex', 1, 2007, '330 Im34t', '2362', '', 1),
(100, 'Turning Points IV: Economics', '2nd ed', 'Consuelo M. Imperial', 'Rex', 1, 2011, '330 Im34t', '2365', '', 1),
(101, 'Unawain Natin ang Ekonomiks sa Diwang Pilipino', '', 'Tereso S. Tullao Jr.', 'Sibs', 1, 2007, '330 T918u', '2361', '', 1),
(102, 'Unawain Natin ang Ekonomiks sa Diwang Pilipino', '2nd ed', 'Tereso S. Tullao Jr.', 'Sibs', 3, 1998, '330 T918u', '', '', 1),
(103, 'Understanding Economics in Phil Setting III', 'rev 2nd ed', 'Tereso S. Tullao Jr.', 'Phoenix', 1, 1990, '330 T18u', '1541', '', 1),
(104, 'Ang Daigdig 9', '', 'Mark Marvin L. Lagos', 'Trinitas', 1, 2014, '909 L177d', '', '', 1),
(105, 'Ang Daigdig:Ebolusyon,Metemorposis,Bagong Mundo', '', 'Rhina M. Soquila', 'Trinitas', 1, 2004, '909 S712d', '', '', 1),
(106, 'Kasaysayan ng Daigdig 9', '', 'Mark  Alvin M. Cruz', 'Vibal', 5, 2014, '', '', '', 1),
(107, 'Kasaysayan ng Daigdig III', '', 'Josefa Q. Radford', 'Sibs', 2, 2000, '909 R128k', '', '', 1),
(108, 'Kasaysayan ng Daigdig Isang Iskolaring Pag-aaral', '', 'Myra G. Gil', 'IEMI', 2, 2004, '909 G463k', '', '', 1),
(109, 'Kasaysayan ng Mundo', '2nd ed', 'Andrew Gonzales', 'Phoenix', 2, 1998, '909 G643k', '', '', 1),
(110, 'Mga Bakas ng Pagbabago', '', 'Apolinar E. Matias', 'Abiva', 1, 1998, '909 M433m', '1443', '', 1),
(111, 'Pana-panahon III:Kasaysayan ng Daigdig', '', 'Celia D. Soriano', 'Rex', 1, 1999, '909 Im34p', '1460', '', 1),
(112, 'The World History & Civilization', '', 'Evelina M. Viloria', 'Vibal', 1, 2005, '909 V762w', '', '', 1),
(113, 'Turning Points III', '2nd ed', 'Celia D. Soriano', 'Rex', 1, 2011, '909 S714t', '', '', 1),
(114, 'Turning Points III', '', 'Celia D. Soriano', 'Rex', 1, 2007, '909 S714t', '', '', 1),
(115, 'World History', '', 'Rodrigo G. Langit', 'Sunshine Interlinks', 1, 2011, '909 L281w', '', '', 1),
(116, 'World History', '', 'Josephine Sto. Domingo', 'St. Augustine', 1, 2006, '909 St863w', '', '', 1),
(117, 'World History', '2nd ed', 'Florida C. Leuterio', 'St. Augustine', 1, 2002, '909 L654w', '', '', 1),
(118, 'World History', '', 'Gloria P. Barrientos', 'St. Bernadette', 1, 1997, '909 B275w', '1584', '', 1),
(119, 'World History', '2004ed', 'Ramon Guillermo', 'IBON', 1, 2014, '909 G958w', '', '', 1),
(120, 'World History Module-baswed Learning III', '', 'Rebecca R. Ongsotto', 'Rex', 1, 2002, '909 On58w', '1483', '', 1),
(121, 'World History:Creative Responses Thru the Ages', '', 'Evangeline S. Panganiban', 'Sibs', 1, 2008, '909 P191w', '', '', 1),
(193, 'Conceptual Science & Beyond: Integrated Science I', '', 'Alicia l. Padua', 'Brilliant Creations', 1, 2010, '500P125c', '2203', '', 2),
(194, 'Connecting with Science Integrated Science I', '3rd ed.', 'Yolanda I. Lomotan', 'Salesiana', 1, 2010, '500', '2201', '', 2),
(195, 'Dynamic Science I', '2nd ed.', 'Lilia M. Rabago', 'Vibal', 1, 2010, '500R1123d', '2204', '', 2),
(196, 'ELTS Integrated Science  I', '', 'Josefina Pavico', 'Phoenix', 1, 2006, '500P338e', '2197', '', 2),
(197, 'ELTS Integrated Science I', '', 'Josefina Pavico', 'Phoenix', 1, 2007, '500P338i', '2198', '', 2),
(198, 'Exploring The Realms of Science 7', 'K12', 'Veronica S. Bernas', 'Jo-es', 1, 2015, '500B517e', '2209', '', 2),
(199, 'General Science I', '', 'Arlene A. Alba', 'Jo-es', 1, 2002, '500Al 325g', '2188', '', 2),
(200, 'General Science I', '', 'Gil Nonato C. Santos', 'Rex', 1, 1999, '500Sa 237g', '993', '', 2),
(201, 'General Science I', '', 'Resos / Alba', 'St. Bernadette', 1, 1995, '500R434g', '994', '', 2),
(202, 'High School Science Today I', '', 'Annalee S. Hadsal', 'Diwa', 10, 0, '500D292h', '', '', 2),
(203, 'Integrated Science I', '', 'Joseph V. Gutierrez', 'Phoenix', 3, 2005, '500G984i', '', '', 2),
(204, 'Integrated Science I', '', 'Esmeralda C. Samano', 'Sibs', 1, 2010, '500Sa187i', '2202', '', 2),
(205, 'Integrated Science I', '', 'Gloria L. Follosco', 'Sibs', 1, 2010, '500F6681', '2205', '', 2),
(206, 'Integrated Science I', '', 'Aurora Villamil', 'Abiva', 1, 2003, '500V715i', '999', '', 2),
(207, 'i-Science I', '', 'Gil Nonato C. Santos', 'Rex', 1, 2006, '500Sa237i', '2196', '', 2),
(208, 'o-Science I', '', 'Gil Nonato C. Santos', 'Rex', 1, 2009, '500Sa237o', '2200', '', 2),
(209, 'Science & Tech: General Science I', '', 'Estrelita A. Madriaga', 'Rex', 1, 1994, '500M183g', '995', '', 2),
(210, 'Science & Technology   I', ' rev. ed', 'Elma F. Pedregosa', 'FNB', 5, 1996, '500P317s', '', '', 2),
(211, 'Science & Technology  : General Science', '', 'Lilia M. Rabago', 'Vibal', 5, 1995, '500R112s', '', '', 2),
(212, 'Science & Technology I', '', 'Gloria G. Salandanan', 'Phoenix', 1, 1989, '500Sa161s', '996', '', 2),
(213, 'Science & Technology I', '', 'Melanie F. Burgonia', 'IEMI', 1, 2003, '500B957i', '2189', '', 2),
(214, 'Science & Technology:  e-Science I', '', 'Gil Nonato C. Santos', 'Rex', 1, 2003, '500Sa 237e', '1040', '', 2),
(215, 'Science HS.Com: General Science I', '', 'Cecilia O. Cauguiran', 'Bookman', 2, 2003, '500C371s', '', '', 2),
(216, 'Science links 7', 'K12', 'Meliza P. Valdoz', 'Rex', 5, 2013, '500V147s', '', '', 2),
(217, 'Science links 7', '', 'John Paolo Dalupang', 'Rex', 0, 0, '', '', '', 2),
(218, 'Science Vistas 7', 'K12', 'Delfin C. Angeles', 'Salesiana', 2, 2013, '500An581s', '', '', 2),
(219, 'Science, Environment, Technology & Society 7', 'K12', 'Salvacion L. Dorado', 'Sibs', 1, 2012, '500D693s', '2206', '', 2),
(220, 'The Dynamics of Science: Integrated Sci & Tech I', '', 'Rachel Patricia B. Ramirez', 'FNB', 1, 2005, '500R173d', '2192', '', 2),
(221, 'The Natural World I', '', 'Melecio C. Deauna', 'Sibs', 5, 2001, '500D285n', '', '', 2),
(222, 'YNW Integrated Science   I', '2nd ed.', 'Teresita F. Religioso', 'Sibs', 1, 2001, '500R382i', '998', '', 2),
(223, 'YNW Integrated Science  I', '3rd ed.', 'Vengco / Religioso', 'Phoenix', 1, 2008, '500V458i', '2199', '', 2),
(224, 'Biology', '', 'Neyvelina M. Martinez', 'Jo-es', 4, 2002, '570 M385b', '', '', 2),
(225, 'Biology', '', 'Marissa S. Vendivil', 'St. Augustine', 1, 2000, '570 V452b', '1035', '', 2),
(226, 'Biology 8', '3rd ed', 'Miriam P. De Vera', 'Trinitas', 1, 2012, '570 R175b', '2256', '', 2),
(227, 'Biology 2   (Connecting with Science)', '', 'Manuela P. Posadas', 'Salesiana', 1, 2004, '570 P139c', '1037', '', 2),
(228, 'Biology II', 'BEC', 'Zonia M. Gerona', 'Abiva', 3, 2004, '570 G377b', '', '', 2),
(229, 'Conceptual Science & Beyond Biology II', '', 'Maria Cristina O. Galban', 'Brilliant Creations', 1, 2010, '570 G148c', '2254', '', 2),
(230, 'Functional Biology (Modular Approach)', '', 'Lilia M. Rabago', 'Vibal', 1, 2003, '570 R112f', '1041', '', 2),
(231, 'ELTS: Biology ', 'BEC', 'John Donnie A. Ramos ', 'Phoenix', 4, 2006, '570 R175b', '', '', 2),
(232, 'ETNWS: Science & Tech: The Living World II', '', 'Salvacion L. Dorado', 'Sibs', 3, 2001, '570 D693l', '', '', 2),
(233, 'Frontiers in Science & Technology II', '', 'Peter Michael C. Sandico', 'Diwa', 2, 2002, '570 Sa194f', '', '', 2),
(234, 'High School Science Today', '', 'Annalee S. Hadsall', 'Diwa', 5, 2009, '570 H132h', '', '', 2),
(235, 'i- Biology II', '', 'Gil Nonato C. Santos', 'Rex', 2, 2006, '570 Sa231i', '', '', 2),
(236, 'Integrative Biology (Connecting with Science)', '3rd ed', 'Manuela P. Posadas', 'Salesiana', 1, 2010, '570 P139c', '2253', '', 2),
(237, 'New Biology Science II (Dynamic World of Life)', 'SEDP', 'Flerida Salas', 'Phil Book Co', 3, 1989, '570 Sa237n', '', '', 2),
(238, 'Science & Technology Bilogy', 'Updated ed', 'Zonia M. Gerona', 'Abiva', 1, 1995, '570 G377b', '1031', '', 2),
(239, 'Science & Technology Biology', 'rev ed', 'Lilia M. Rabago', 'Vibal', 1, 1996, '570 R112s', '1027', '', 2),
(240, 'Science & Technology II', 'BEC', 'Eufrocina B. Adea', 'IEMI', 1, 2003, '570 A228s', '1040', '', 2),
(241, 'Science & Technology II', '', 'Aurora M. Villamil', 'Phoenix', 1, 1990, '570 V715s', '1039', '', 2),
(242, 'Science _H. S.Com', 'BEC', 'Winnelma S. Navarro', 'Bookman ', 1, 2003, '570 N322s', '1018', '', 2),
(243, 'Science Fundamentals for Science II', '', 'Gliceria B. Ramos', 'Trinitas', 1, 1999, '570 D491f', '1034', '', 2),
(244, 'Science Links 8 (K12)', '', 'Maritess D. Aquino', 'Rex', 10, 2013, '570 Aq657s', '', '', 2),
(245, 'Science Vistas 8', '', 'Delfin C. Angeles', 'Salesiana', 1, 2013, '500 An581s', '2255', '', 2),
(246, 'The Dynamics of Science & Technology: Biology', '', 'Reynaldo B. Dela Cruz', 'FNB', 1, 2005, '570 D332d', '1019', '', 2),
(247, 'The Living World II', '', 'Salvacion L. Dorado', 'Sibs', 2, 2001, '570D693l', '', '', 2),
(248, 'Chemistry', '', 'Eleonor C. Regalado', 'St. Augustine', 1, 2000, '540R333c', '1068', '', 2),
(249, 'Chemistry ', '', 'Ma. Lily L. Cabaluna', 'Jo-es', 1, 2002, '540C112c', '1069', '', 2),
(250, 'Chemistry a Modern Course', '', 'Robert C. Smoot', 'Charles E. Merrilll Pub', 2, 1983, '540S666c', '', '', 2),
(251, 'Chemistry for Filipinos III', '', 'Carmelita L. Abadicio', 'St. Bernadette', 1, 1994, '540A116c', '1067', '', 2),
(252, 'Chemistry III', '', 'Rebecca C. Nueva España', 'Abiva', 1, 2008, '540N964c', '2265', '', 2),
(253, 'Chemistry III', '', 'Rebecca C. Nueva España', 'Abiva', 2, 2004, '540N964c', '', '', 2),
(254, 'Chemistry Science & Technology III', '', 'Eden S. Dy', 'Rex', 2, 1994, '540D994c', '', '', 2),
(255, 'Conceptual Science & Beyond: Chemistry III', '', 'Jose M. Andaya', 'Brilliant Creations', 1, 2010, '', '', '', 2),
(256, 'ELTS: Chemistry III', '', 'Aristea V. Bayquen', 'Phoenix', 5, 2007, '540B361c', '', '', 2),
(257, 'High School Science Today III', '', 'Evelyn L. Josue', 'Diwa', 5, 2009, '540J84h', '', '', 2),
(258, 'I- Chemistry III', '', 'Gil Nonato S. Santos', 'Rex', 3, 2006, '540Sa237i', '', '', 2),
(259, 'Integrative Chemistry', '', 'Purita R. Martin', 'Salesiana', 1, 2010, '540M379i', '2269', '', 2),
(260, 'O- Chemistry III', '', 'Gil Nonato S. Santos', 'Rex', 1, 2009, '540Sa237o', '2267', '', 2),
(261, 'Science & Technology III', '', 'Proserpina E. Serna', 'IEMI', 1, 2003, '', '', '', 2),
(262, 'Science & Technology: Chemistry III', '', 'Amelia P. Mapa', 'Vibal', 1, 1997, '540M297s', '1065', '', 2),
(263, 'Science & Technology: Chemistry III', '', 'Rebecca C. Nueva España', 'Abiva', 1, 1995, '540N964c', '1072', '', 2),
(264, 'Science in Today s World: Chemistry III', '', 'Adora S. Pili', 'Sibs', 2, 2004, '540P638s', '1071', '', 2),
(265, 'Science links 9', 'K12', 'Jonna M. Abistado', 'Rex', 10, 2014, '500Ab149s', '', '', 2),
(266, 'Science_HS.Com: Chemistry', '', 'Visitacion V. Carigo', 'Bookman', 1, 2003, '540C277s', '2257', '', 2),
(267, 'The Dynamics Of Science & Technology: Chemistry', '', 'Aurora bA. Lianko', 'FNB', 1, 2005, '540L693d', '2261', '', 2),
(268, 'YTNW: Chemistry ', '2nd ed', 'Estrella E. Mendoza', 'Sibs', 1, 2001, '540M539c', '1062', '', 2),
(269, 'YTNW: Chemistry ', '3rd ed', 'Estrella E. Mendoza', 'Sibs', 1, 2008, '540M539c', '2266', '', 2),
(270, 'ELTS: Physics ', 'BEC2004', 'Angelina A. Silverio', 'Phoenix', 5, 2007, '', '1141', '', 2),
(271, 'High School Physics', '', 'Vivencio N. Abastillas, Jr.', 'Sibs', 1, 2002, '', '1133', '', 2),
(272, 'High School Science Today IV', '', 'Bhazel Anne Pelicano', 'Diwa', 4, 2009, '', '', '', 2),
(273, 'O-Physics IV', '', 'Gil Nonato S. Santos', 'Rex', 1, 2009, '', '', '', 2),
(274, 'Physics (YNWS) IV', '2nd ed', 'Delia Cordero-Navaza', 'Sibs', 2, 2001, '', '', '', 2),
(275, 'Physics for High School IV', '', 'Gil Nonato S. Santos', 'Rex', 1, 1999, '', '1136', '', 2),
(276, 'Physics IV', '', 'Vilma B. Clerigo', 'Jo-es', 3, 2002, '', '', '', 2),
(277, 'Physics IV', '', 'Apolinar I. Guevarra', 'St. Augustine', 1, 2000, '', '1132', '', 2),
(278, 'Physics IV YNWS', '', 'Delia Cordero-Navaza', 'Phoenix', 2, 1990, '', '', '', 2),
(279, 'Physics: Science & Technology for a Better Life', 'SEDP series', 'Josefina L. Pabellon', 'Basic Media Systems', 3, 1990, '', '', '', 2),
(280, 'Science & Technology for a Better Life IV', '3rd ed', 'Josefina L. Pabellon', 'Diwa', 4, 2000, '', '', '', 2),
(281, 'Science & Technology Physics IV', '', 'Lolita M. salmorin', 'Abiva', 3, 2004, '', '', '', 2),
(282, 'Science & Technology: Physics IV', 'Updated ed', 'Lolita M. salmorin', 'Abiva', 1, 1995, '', '1124', '', 2),
(283, 'Science & Technology: Physics IV', 'rev. ed', 'Hideliza L. Portugal', 'Vibal', 3, 1997, '', '', '', 2),
(284, 'Science Fundamentals for HS IV; Physics IV', '', 'Ma. Nora L. Sorra', 'Trinitas', 1, 2000, '', '', '', 2),
(285, 'Science in Today s World Series Physics IV', '', 'Rosario Laurel-Sotto', 'Sibs', 1, 2005, '', '1128', '', 2),
(286, 'Science Links 10 (K12)', '', 'Meliza P. Valdoz', 'Rex', 5, 2014, '', '', '', 2),
(287, 'Science_ HS.Com Physics iV', '', 'Jocelyn  A. Prado', 'Bookman', 1, 2004, '', '', '', 2),
(288, 'The Dynamics of Sci&Tech: Physics IV', '', 'Carlo A. de Castro', 'FNB Educl ', 1, 2005, '', '', '', 2),
(289, 'The World of Physics IV', '', 'Melecio C. Deauna', 'Sibs', 3, 2001, '', '', '', 2),
(358, 'Communicate Effectively in English I', '', 'Nicholas Owen', 'Basic Media', 2, 1990, '', '0623-0624', '', 3),
(359, 'Communicate Effectively in English II', '', 'Nicholas Owen', 'Basic Media', 2, 1990, '', '0628-0629', '', 3),
(360, 'Communicate Effectively in English III', '', 'Nicholas Owen', 'Basic Media', 2, 1990, '', '0631-0632', '', 3),
(361, 'Communicate Effectively in English IV', '', 'Sarah Philpot', 'Basic Media', 2, 1990, '', '0639-0640', '', 3),
(362, 'Phoenix English for Secondary Schools I', '', 'Avelina J. Gil', 'Phoenix', 4, 1989, '', '0641-0645', '', 3),
(363, 'Phoenix English for Secondary Schools II', '', 'Evelyn S. Salazar', 'Phoenix', 5, 1989, '', '0646-0650', '', 3),
(364, 'Phoenix English for Secondary Schools III', '', 'Josefina Q. Cabanilla', 'Phoenix', 5, 1989, '', '0651-0655', '', 3),
(365, 'Phoenix English for Secondary Schools IV', '', 'Avelina J. Gil', 'Phoenix', 4, 1989, '', '0656-0659', '', 3),
(366, 'ECAS Through Filipino Literature I', '2nd ed', 'Josephine B. Serrano', 'Phoenix', 2, 1986, '', '6610663', '', 3),
(367, 'ECAS Through Afro-Asian Literature II', '2nd ed', 'Josephine B. Serrano', 'Phoenix', 4, 1986, '', '0664-0668', '', 3),
(368, 'ECAS Through English american... Literature III', '2nd ed', 'Josephine B. Serrano', 'Phoenix', 5, 1986, '', '0669-0673', '', 3),
(369, 'ECAS Through World Literature IV', '2nd ed', 'Josephine B. Serrano', 'Phoenix', 3, 1987, '', '0674-0676', '', 3),
(370, 'Philippine Ripples I', '', 'Melchora D. Bilgera', 'Rex', 3, 1993, '', '0679-0682', '', 3),
(371, 'English for Secondary Schools II', '', 'Myrna M. Torres', 'FNB', 5, 1990, '', '0683-0687', '', 3),
(372, 'English for Secondary Schools II', 'rev ed', 'Myrna M. Torres', 'FNB', 5, 1997, '', '0690-0694', '', 3),
(373, 'English American Rhythyms III', '', 'Melchora D. Bilgera', 'Rex', 5, 1993, '', '0695-0699', '', 3),
(374, 'World Pulses IV', '', 'Melchora D. Bilgera', 'Rex', 5, 1993, '', '0702-0706', '', 3),
(375, 'Dimensions in English I', '', 'Magelende M. Flores', 'Rex', 2, 1999, '', '0708-0709', '', 3),
(376, 'Dimensions in English II', '', 'Helen P. Ladera', 'Rex', 1, 1999, '', '710', '', 3),
(377, 'Dimensions in English III', '', 'Edna M. Dela Cruz', 'Rex', 2, 1999, '', '0711-0712', '', 3),
(378, 'Dimensions in English IV', '', 'Magelende M. Flores', 'Rex', 1, 1999, '', '713', '', 3),
(379, 'Experiencing Powerful English I', '', 'Emma S. Castillo', 'Sibs', 2, 2002, '', '0715-0716', '', 3),
(380, 'Experiencing Powerful English II', '', 'Josephine M. Cruz', 'Sibs', 2, 2002, '', '0726-0728', '', 3),
(381, 'Experiencing Powerful English III', '', 'Josephine M. Cruz', 'Sibs', 2, 2002, '', '0736-0737', '', 3),
(382, 'Experiencing Powerful English IV', '', 'Anita M. Navarro', 'Sibs', 2, 2002, '', '0746, 0753', '', 3),
(383, 'Interactions I', '', 'Socorro Villamejor', 'FNB', 1, 2004, '', '754', '', 3),
(384, 'Interactions II', '', 'Eden F. Calubayan', 'FNB', 1, 2004, '', '755', '', 3),
(385, 'Interactions III', '', 'Ilda O. Cañal', 'FNB', 1, 2004, '', '756', '', 3),
(386, 'Interactions IV', '', 'Bienvenido Santos', 'FNB', 1, 2004, '', '757', '', 3),
(387, 'The Effective Communicator I', '', 'Villy Buenaventura', 'FNB', 1, 2003, '', '758', '', 3),
(388, 'The Effective Communicator II', '', 'Faith B. Escobar', 'FNB', 2, 2003, '', '759-', '', 3),
(389, 'The Effective Communicator III', '', 'Regina B. Gochuico', 'FNB', 2, 2003, '', '760-', '', 3),
(390, 'The Effective Communicator IV', '', 'Josefina A. Agravante', 'FNB', 2, 2003, '', '761-', '', 3),
(391, 'The Effective Communicator I', '2nd ed', 'Villy Ath. Buenaventura', 'FNB', 1, 2011, '', '', '', 3),
(392, 'The Effective Communicator II', '2nd ed', 'Faith B. Escobar', 'FNB', 1, 2011, '', '', '', 3),
(393, 'The Effective Communicator III', '2nd ed', 'Regina B. Gochuico', 'FNB', 1, 2011, '', '', '', 3),
(394, 'The Effective Communicator IV', '2nd ed', 'Josefina A. Agravante', 'FNB', 1, 2011, '', '', '', 3),
(395, 'Expanding Our Horizon I', '', 'Carmen A. Cruz', 'Dela Salle', 1, 2002, '', '762', '', 3),
(396, 'Seeking Unity in Diversity II', '', 'Carmen A. Cruz', 'Dela Salle', 1, 2002, '', '763', '', 3),
(397, 'Harmonizing Poetry & Technology III', '', 'Andrew Gonzales', 'Dela Salle', 1, 2002, '', '764', '', 3),
(398, 'ECAS- Filipino Literature I', '3rd ed', 'Josephine B. Serrano', 'Phoenix', 1, 1994, '', '766', '', 3),
(399, 'ECAS- Afro- Asian Literature II', '3rd ed', 'Josephine B. Serrano', 'Phoenix', 1, 1994, '', '767', '', 3),
(400, 'ECAS- World Literature IV', '3rd ed', 'Josephine B. Serrano', 'Phoenix', 1, 1994, '', '769', '', 3),
(401, 'Functional English for Today I', '', 'Corazon Dadufalsa', 'Dane', 1, 2000, '', '770', '', 3),
(402, 'Functional English for Today II', '', 'Leonida Fernandez', 'Dane', 1, 2000, '', '771', '', 3),
(403, 'Functional English for Today IV', '', 'Alen Mateo Muñoz', 'Dane', 1, 2000, '', '773', '', 3),
(404, 'The Power of Speech I', '', 'Melody Grace Ladena', 'Rex', 1, 2002, '', '774', '', 3),
(405, 'The Power of Speech II', '', 'Teresita B. Gutierrez', 'Rex', 1, 2002, '', '775', '', 3),
(406, 'The Power of Speech III', '', 'Milagros T. Marquez', 'Rex', 1, 2002, '', '776', '', 3),
(407, 'ECAS- Philippine Literature I', '4th ed', 'Josephine B. Serrano', 'Sibs', 1, 2002, '', '778', '', 3),
(408, 'ECAS- Philippine Literature II', '4th ed', 'Josephine B. Serrano', 'Sibs', 1, 2002, '', '779', '', 3),
(409, 'ECAS- Philippine Literature III', '4th ed', 'Josephine B. Serrano', 'Sibs', 2, 2002, '', '780-781', '', 3),
(410, 'ECAS- Philippine Literature IV', '4th ed', 'Josephine B. Serrano', 'Sibs', 1, 2002, '', '782', '', 3),
(411, 'Echoes I', '', 'Cecilia R. delos Reyes', 'Jo-es', 1, 2004, '', '783', '', 3),
(412, 'Echoes II', '', 'Cecilia R. delos Reyes', 'Jo-es', 2, 2004, '', '784-785', '', 3),
(413, 'Echoes III', '', 'Cecilia R. delos Reyes', 'Jo-es', 2, 2004, '', '786-787', '', 3),
(414, 'Echoes IV', '', 'Cecilia R. delos Reyes', 'Jo-es', 1, 2004, '', '788', '', 3),
(415, 'Spoken English I', '', 'Carmelita Ballesteros', 'Rex', 2, 1996, '', '789-790', '', 3),
(416, 'Spoken English II', '', 'Carmelita Ballesteros', 'Rex', 3, 1996, '', '791-793', '', 3),
(417, 'Spoken English III', '', 'Carmelita Ballesteros', 'Rex', 3, 1996, '', '794-796', '', 3),
(418, 'Spoken English IV', '', 'Carmelita Ballesteros', 'Rex', 2, 1996, '', '797-798', '', 3),
(419, 'Pathways I', '', 'Covina B. Belen', 'Abiva', 1, 2005, '', '805', '', 3),
(420, 'Pathways II', '', 'Rosita C. Herson', 'Abiva', 2, 2005, '', '799-780', '', 3),
(421, 'Pathways III', '', 'Beatriz Adriano', 'Abiva', 2, 2005, '', '801-802', '', 3),
(422, 'Pathways IV', '', 'Beatriz Adriano', 'Abiva', 2, 2005, '', '803-804', '', 3),
(423, 'Interactive Learning Thruough English II', '', 'Evelyn B. Belen', 'St. Augustine', 1, 1997, '', '807', '', 3),
(424, 'Interactive Learning Thruough English III', '', 'Henry C. Navarro', 'St. Augustine', 1, 1997, '', '808', '', 3),
(425, 'Functional English for Achievers I', '', 'Corazon Dadufalsa', 'Dane Publishing', 1, 2000, '', '810', '', 3),
(426, 'Functional English for Achievers II', '', 'Leonida Fernandez', 'Dane Publishing', 1, 2000, '', '811', '', 3),
(427, 'Functional English for Achievers III', '', 'Alen Mateo Muñoz', 'Dane Publishing', 1, 2000, '', '812', '', 3),
(428, 'Functional English for Achievers IV', '', 'Caridad De Vera', 'Dane Publishing', 1, 2000, '', '813', '', 3),
(429, 'Literature in Focus I', '', 'Rosario I. Alonzo', 'Sibs', 1, 1998, '', '814', '', 3),
(430, 'Literature in Focus III', '', 'Perla C. Villamarzo', 'Sibs', 2, 1998, '', '816-817', '', 3),
(431, 'Language in Literature:Afro-Asian Adventure', 'new ed', 'Lourdes M. Ribo', 'Vibal', 1, 1998, '', '836', '', 3),
(432, 'Language in Literature:Anglo American Synthesis', 'new ed', 'Lourdes M. Ribo', 'Vibal', 3, 1998, '', '0837-0838', '', 3),
(433, 'Language in Literature: World Literature', 'new ed', 'Lourdes M. Ribo', 'Vibal', 3, 1998, '', '0839-0841', '', 3),
(434, 'Better English for Philippine High School I', '3rd ed', 'Josephine B. Serrano', 'Phoenix', 1, 1994, '', '824', '', 3),
(435, 'Better English for Philippine High School II', '3rd ed', 'Josephine B. Serrano', 'Phoenix', 1, 1994, '', '825', '', 3),
(436, 'English CV for High School III', '3rd ed', 'Corazon Dadufalsa', 'Bookmark', 1, 0, '', '829', '', 3),
(437, 'Communicate in English IV', '3rd ed', 'Carolina S. Rionda', 'Phoenix', 1, 1996, '', '833', '', 3),
(438, 'Bridges to Understanding II', '', 'Ma. Evalou Angoluan', 'Sibs', 1, 2004, '', '843', '', 3),
(439, 'Challenge of the Millennium III', '', 'Marietta M. Aguado', 'Sibs', 2, 2004, '', '845846', '', 3),
(440, 'The Global Village IV', '', 'Avelina J. Gil', 'Sibs', 1, 2004, '', '847', '', 3),
(441, 'Linking the Workd through English II', '2nd ed', 'Bernardita O. Gonzalo', 'Diwa', 1, 2006, '', '849', '', 3),
(442, 'Linking the Workd through English III', '2nd ed', 'Rossette Paulyn Correa', 'Diwa', 1, 2006, '', '850', '', 3),
(443, 'Linking the Workd through English IV', '', 'Devi Benedicte I. Paez', 'Diwa', 1, 2002, '', '852', '', 3),
(444, 'Dimensions in Learning English II', '', 'Helen P. Ladera', 'Rex', 1, 2003, '', '853', '', 3),
(445, 'Language: Skills & Use 2', '', 'Corinto Baranco', 'Academe', 1, 1989, '', '854', '', 3),
(446, 'Fundamentals of Public Speaking', '', 'Conrado P. Aquino', 'Phoenix', 2, 1962, '', '2857-858', '', 3),
(447, 'Journalism for Filipinos', 'rev ed', 'Alito L. Malinao', 'Natl Bookstore', 2, 1997, '', '859-860', '', 3),
(448, 'Basic Journalism', '', 'Eufemia C. Estrada', 'Natl Bookstore', 1, 1987, '', '862', '', 3),
(449, 'Creative Writing', '', 'Eleanor Eme  Hermosa', 'Sibs', 2, 2000, '', '865-866', '', 3),
(450, 'Basic Campus Journalism', '1st ed', 'Ceciliano Jose B. Cruz', 'Rex', 1, 1997, '', '868', '', 3),
(451, 'Journalism for Filipino Students', '', 'Ma. Lourdes L. De Villa', 'Sibs', 1, 2000, '', '869', '', 3),
(452, 'Journalism Handbook', 'rev ed', 'Estelita C. Panganiban', 'Natl Bookstore', 1, 1975, '', '870', '', 3),
(453, 'Testing Reading Power I', '3rd rev ed', 'Concordia Logue', 'St. Mary s Pub', 1, 1991, '', '871', '', 3),
(454, 'Testing Reading Power II', '3rd rev ed', 'Concordia Logue', 'St. Mary s Pub', 1, 1991, '', '872', '', 3),
(455, 'Testing Reading Power III', '3rd rev ed', 'Concordia Logue', 'St. Mary s Pub', 1, 1991, '', '873', '', 3),
(456, 'Testing Reading Power IV', '3rd rev ed', 'Concordia Logue', 'St. Mary s Pub', 1, 1991, '', '874', '', 3),
(457, 'Enriching Oral Communication Skills', '', 'Cabrina H. Padilla ', 'Abiva', 1, 1989, '', '0877, 0879', '', 3),
(458, 'Moving Ahead to Better Speech I', '', 'Magelende M. Flores', 'Rex', 1, 1996, '', '882', '', 3),
(459, 'Moving Ahead to Better Speech II', '', 'Helen P. Ladera', 'Rex', 1, 1996, '', '883', '', 3),
(460, 'Moving Ahead to Better Speech III', '', 'Lina P. Enriquez', 'Rex', 1, 1996, '', '884', '', 3),
(461, 'Moving Ahead to Better Speech IV', '', 'Edna M. Dela Cruz', 'Rex', 1, 1996, '', '885', '', 3),
(462, 'Creative Writing ( what you…)', '', 'Amy T. Perez', 'Omniscience', 1, 2001, '', '886', '', 3),
(463, 'Journeys in Philippine Literature I', '', 'Edilberto C. Cruz', 'Phoenix', 1, 1997, '', '887', '', 3),
(464, 'Homer The Odyssey', '', 'Robert Fitzgerald', 'Anchor Press', 1, 1961, '', '888', '', 3),
(465, 'Reading & Writing the Essay', '3rd ed', 'Ramos Valeros', 'Phoenix', 1, 1980, '', '889', '', 3),
(466, 'Adventures for Readers I', 'classic ed', 'Elizabeth C. O dally', 'Harcourt, Brace..', 2, 1968, '', '0891-0892', '', 3),
(467, 'Growth Project: Mastery of the Language I', '1st ed', 'Carmelita Emilia D. Isidro', 'Wizaerd', 5, 2006, '', '0905-0909', '', 3),
(468, 'English for a Better World I', '', 'Pilar R. Yu', 'Rex', 1, 2007, '', '925', '', 3),
(469, 'English for a Better World II', '', 'Pilar R. Yu', 'Rex', 1, 2007, '', '927', '', 3),
(470, 'English for a Better World III', '', 'Emerita M. Sarno', 'Rex', 1, 2007, '', '940', '', 3),
(471, 'English for a Better World IV', '', 'Esther L. Barraceros', 'Rex', 1, 2007, '', '955', '', 3),
(472, 'English I', 'UbD', 'Haidee M. Angeles', 'Eferza', 5, 2011, '', '2402-2406', '', 3),
(473, 'English II', 'UbD', 'Lanei C. Dimaano', 'Eferza', 5, 2011, '', '2407-2411', '', 3),
(474, 'Across Culture in Language & Phil. Literature I', 'BEC', 'Remia  L. Ricobar', 'St. Augustine', 1, 2005, '', '2412', '', 3),
(475, 'Across Culture in Language & Afro-Asian  Lit. II', 'BEC', 'Remia  L. Ricobar', 'St. Augustine', 1, 2005, '', '2413', '', 3),
(476, 'Across Culture in Language & English-American  Lit. III', 'BEC', 'Dorina G. Pineda', 'St. Augustine', 1, 2005, '', '2414', '', 3),
(477, 'Across Culture in Language & World Literature IV', 'BEC', 'Dorina G. Pineda', 'St. Augustine', 1, 2005, '', '2415', '', 3),
(478, 'Soaring to Greater Heights I', '', 'Geronima V. Galang', 'Vicarish', 1, 2007, '', '2416', '', 3),
(479, 'Soaring to Greater Heights II', '', 'Arcelita Faz', 'Vicarish', 1, 2007, '', '2417', '', 3),
(480, 'Soaring to Greater Heights III', '', 'Doris F. Ho', 'Vicarish', 1, 2007, '', '2418', '', 3),
(481, 'Soaring to Greater Heights IV', '', 'Geronima V. Galang', 'Vicarish', 1, 2007, '', '2419', '', 3),
(482, 'Making Meaning ECAS Phil Lit I', 'rev ed', 'Joyce M. Mendez', 'Trinitas', 1, 2008, '', '2420', '', 3),
(483, 'Making Meaning ECAS Afro-Asianl Literature II', 'rev ed', 'Joyce M. Mendez', 'Trinitas', 1, 2008, '', '2421', '', 3),
(484, 'Making Meaning ECASAnglo-American Lit. III', 'rev ed', 'Joyce M. Mendez', 'Trinitas', 1, 2008, '', '2422', '', 3),
(485, 'Making Meaning ECAS in a Global Village IV', 'rev ed', 'Joyce M. Mendez', 'Trinitas', 1, 2008, '', '2423', '', 3),
(486, 'Pathways to Communication I', '', 'Romarico M. Barrientos', 'Abiva', 1, 2009, '', '2424', '', 3),
(487, 'Pathways to Communication II', '', 'Rosita C. Herson', 'Abiva', 1, 2009, '', '2425', '', 3),
(488, 'Pathways to Communication III', '', 'Beatriz A. Adriano', 'Abiva', 1, 2009, '', '2426', '', 3),
(489, 'Pathways to Communication IV', '', 'Corazon G. Eclabanan', 'Abiva', 1, 2009, '', '2427', '', 3),
(490, 'Proficiency in English II', '', 'Helen P. Ladera', 'Rex', 1, 2010, '', '2428', '', 3),
(491, 'Proficiency in English III', '', 'Edna M. Dela Cruz', 'Rex', 1, 2010, '', '2429', '', 3),
(492, 'Proficiency in English IIV', '', 'Magelende M. Flores', 'Rex', 1, 2010, '', '2430', '', 3),
(493, 'Sibs Com Arts :  Roads to Greatness I', '', 'Carleen S. Sedilla', 'Sibs', 1, 2004, '', '2431', '', 3),
(494, 'Sibs Com Arts:   Bridges to Understanding II', '', 'Ma. Evalou Angoluuan', 'Sibs', 1, 2004, '', '2432', '', 3),
(495, 'Sibs Com Art:    Challenge of the Millennium III', '', 'Marietta M. Aguado', 'Sibs', 1, 2004, '', '2433', '', 3),
(496, 'Sibs Com Arts:   The Global Village IV', '', 'Avelina J. Gil', 'Sibs', 1, 2004, '', '2434', '', 3),
(497, 'English Connection for Better Communication I', '', 'Aida S. Villanueva', 'Vicente Publishing', 1, 2011, '', '2435', '', 3),
(498, 'English Connection for Better Communication II', '', 'Aurelio P. Vibar', 'Vicente Publishing', 1, 2011, '', '2436', '', 3),
(499, 'English Connection for Better Communication III', '', 'Teresita G. Carey', 'Vicente Publishing', 1, 2011, '', '2437', '', 3),
(500, 'English Connection for Better Communication IV', '', 'Rosalie S. Hartman', 'Vicente Publishing', 1, 2011, '', '2438', '', 3),
(501, 'Bagong Sinag I', '', 'Florentina S. Gorospe', 'Jo-es', 2, 1996, '', '1605/1607', '', 4),
(502, 'Bagong Sinag II', '', 'Milagros T. Hernandez', 'Jo-es', 2, 1996, '', '1609/1612', '', 4),
(503, 'Bagong Sinag III', '', 'Aurora S. Cordero', 'Jo-es', 2, 1996, '', '1615-1616', '', 4),
(504, 'Bagong Sinag IV', '', 'Nora S. Espiritu', 'Jo-es', 2, 1996, '', '1620/1623', '', 4),
(505, 'Bagwis I', '', 'Grace V. Del Castillo', 'The Library', 5, 2005, '', '1699/1703', '', 4),
(506, 'Bagwis III', '', 'Maia Beltran', 'The Library', 1, 2005, '', '1704', '', 4),
(507, 'Bagwis IV', '', 'Babylyn V. Bautista', 'The Library', 1, 2005, '', '1705', '', 4),
(508, 'Bantayog I', '', 'Rufina A. Darilag', 'IEMI', 1, 2002, '', '1667', '', 4),
(509, 'Bantayog II', '', 'Ruth Ferial T. Casidsid', 'IEMI', 1, 2002, '', '1668', '', 4),
(510, 'Bantayog III', '', 'Rufina A. Darilag', 'IEMI', 1, 2002, '', '1669', '', 4),
(511, 'Bantayog IV', '', 'Agrifino G. Darilag', 'IEMI', 1, 2002, '', '1670', '', 4),
(512, 'Filipino I', '', 'Angelita A. Binsol', 'Diwa', 1, 2003, '', '1683', '', 4),
(513, 'Filipino II', '', 'Angelita A. Binsol', 'Diwa', 1, 2005, '', '1684', '', 4),
(514, 'Filipino III', '', 'Leodivico C. Lacsamana', 'Diwa', 1, 2005, '', '1685', '', 4),
(515, 'Filipino IV', '', 'Leodivico C. Lacsamana', 'Diwa', 1, 2005, '', '1686', '', 4),
(516, 'Filipino Sa Makabagong Panahon I', '', 'Josephine Emma Reyes', 'Vicarish', 1, 2003, '', '1679', '', 4),
(517, 'Filipino Sa Makabagong Panahon II', '', 'Angelita B. Peña', 'Vicarish', 1, 2003, '', '1680', '', 4),
(518, 'Filipino Sa Makabagong Panahon III', '', 'Maurita M. Reyes', 'Vicarish', 1, 2003, '', '1681', '', 4),
(519, 'Filipino Sa Makabagong Panahon IV', '', 'Elvira G.Dela Cruz', 'Vicarish', 1, 2003, '', '1682', '', 4),
(520, 'Hiyas ng Lahi I', '', 'Felicitas R. Uygan', 'Vibal', 1, 2001, '', '1695', '', 4),
(521, 'Hiyas ng Lahi II', '', 'Alicia F. Castillo', 'Vibal', 1, 2001, '', '1696', '', 4),
(522, 'Hiyas ng Lahi III', '', 'Lorenza P. Avena', 'Vibal', 1, 2001, '', '1697', '', 4),
(523, 'Hiyas ng Lahi IV', '', 'Iluminada C. Balazo', 'Vibal', 1, 2001, '', '1698', '', 4),
(524, 'Kawil I', '', 'Gabriel F. Mallilin', 'Rex', 2, 2002, '', '1628/1630', '', 4),
(525, 'Kawil II', '', 'Bernie C. Santos', 'Rex', 2, 2002, '', '1640-1641', '', 4),
(526, 'Kawil III', '', 'Maybel V. Amog', 'Rex', 2, 2002, '', '1645/1649', '', 4),
(527, 'Kawil IV', '', 'Marietta T. Candelario', 'Rex', 2, 2002, '', '1658/1661', '', 4),
(528, 'Mithi II', '', 'Ma C. Del Rosario-Aguila', 'Trinitas', 1, 1993, '', '1692', '', 4),
(529, 'Pintig I', '', 'Corazon G. Magbaleta', 'Jo-es', 1, 2006, '', '1663', '', 4),
(530, 'Pintig II', '', 'Cid V. Alcaraz', 'Jo-es', 1, 2006, '', '1664', '', 4),
(531, 'Pintig III', '', 'Imelda V. Animoza', 'Jo-es', 1, 2006, '', '1665', '', 4),
(532, 'Pintig IV', '', 'Corazon G. Magbaleta', 'Jo-es', 1, 2006, '', '1666', '', 4),
(533, 'Sandigan I', '', 'Nora M. Dillague', 'Phoenix', 1, 2002, '', '1671', '', 4),
(534, 'Sandigan II', '', 'Nora M. Dillague', 'Phoenix', 1, 2002, '', '1672', '', 4),
(535, 'Sandigan IV', '', 'Nora M. Dillague', 'Phoenix', 1, 2002, '', '1674', '', 4),
(536, 'Sanlahi Sandiwa II', '', 'Dolores F. Jamero', 'St. Bernadette', 1, 1996, '', '1687', '', 4),
(537, 'Sanlahi Sandiwa II', '', 'Regina Emilia L. Gabriel', 'St. Bernadette', 1, 1996, '', '1688', '', 4),
(538, 'Sanlahi Sandiwa III', '', 'Ricardo Expedito L. Gabriel', 'St. Bernadette', 1, 1997, '', '1689', '', 4),
(539, 'Sanlahi Sandiwa IV', '', 'Regina Emilia L. Gabriel', 'St. Bernadette', 1, 1996, '', '1690', '', 4),
(540, 'Tagumpay I', '', 'Rolando A. Bernales', 'Vicente', 1, 2005, '', '1675', '', 4),
(541, 'Tagumpay II', '', 'Vivencio  M. Talegon Jr.', 'Vicente', 1, 2005, '', '1676', '', 4),
(542, 'Tagumpay III', '', 'Grace C. Tabo', 'Vicente', 1, 2005, '', '1677', '', 4),
(543, 'Tagumpay IV', '', 'Rolando A. Bernales', 'Vicente', 1, 2005, '', '1678', '', 4),
(544, 'Active MAPEH II', '', 'Santiago, Anastacio, Perez', 'Magallanes', 2, 2006, '700 Sa235m', '', '', 5),
(545, 'Active MAPEH III', '', 'Santiago, Anastacio, Perez', 'Magallanes', 2, 2006, '700 Sa235m', '', '', 5),
(546, 'Active MAPEH IV', '', 'Santiago, Anastacio, Perez', 'Magallanes', 2, 2006, '700 Sa235m', '', '', 5),
(547, 'Banyuhay I', 'BEC', 'Antonip Ma. V. Viceral', 'IEMI', 1, 2004, '700V633b', '2115', '', 5),
(548, 'Banyuhay II', 'BEC', 'Ma. Cristina B. Pimping', 'IEMI', 1, 2004, '700 V633b', '2116', '', 5),
(549, 'Banyuhay III', 'BEC', 'Ma. Cristina B. Pimping', 'IEMI', 1, 2004, '700 V633b', '2117', '', 5),
(550, 'Banyuhay IV', 'BEC', 'Ma. Cristina B. Pimping', 'IEMI', 1, 2004, '700 V633b', '2118', '', 5),
(551, 'Dynamics of Life: Mapeh II', 'BEC', 'Belinda R. Anido', 'Eureka', 1, 2007, '700 An597d', '2123', '', 5),
(552, 'Dynamics of Life: Mapeh IV', 'BEC', 'Belinda R. Anido', 'Eureka', 1, 2007, '700 An597d', '2124', '', 5),
(553, 'Enjoy Sailing With Mapeh I', 'UBD', 'Corazon R. Elitiong', 'Brighthouse', 1, 2010, '700 E143e', '2129', '', 5),
(554, 'Enjoy Sailing With Mapeh II', 'UBD', 'Corazon R. Elitiong', 'Brighthouse', 1, 2010, '700 E143e', '2130', '', 5),
(555, 'Enjoy Sailing With Mapeh III', 'UBD', 'Corazon R. Elitiong', 'Brighthouse', 1, 2010, '700 E143e', '2131', '', 5),
(556, 'Enjoy Sailing With Mapeh IV', 'UBD', 'Corazon R. Elitiong', 'Brighthouse', 1, 2010, '700 E143e', '2132', '', 5),
(557, 'EPKM I', '', 'Adela A. Capistrano', 'Phoenix', 2, 2000, '700 C243e', '', '', 5),
(558, 'EPKM II', '', 'Adela A. Capistrano', 'Phoenix', 2, 2000, '700 C243e', '', '', 5),
(559, 'EPKM III', '', 'Adela A. Capistrano', 'Phoenix', 2, 2000, '700 C243e', '', '', 5),
(560, 'EPKM IV', '', 'Adela A. Capistrano', 'Phoenix', 2, 2000, '700 C243e', '', '', 5),
(561, 'Exploring With MAPEH I', '', 'Jocelyn V. Bautista', 'Vibal', 2, 2005, '700 B352e', '', '', 5),
(562, 'Honing Your Skills Thru Mapeh III', '', 'Virginia C. Tolentino', 'Jo-es', 1, 2008, '700 T649h', '2127', '', 5),
(563, 'Honing Your Skills Thru Mapeh IV', '', 'Charito E. Señeres', 'Jo-es', 1, 2008, '700T649h', '2128', '', 5),
(564, 'MAPEH 7 Close Encounters with Music, Arts,PE & Health', 'K12', 'Carmelita Emilia D. Isidro', 'Wizard', 1, 2013, '700 Is81m', '2139', '', 5),
(565, 'MAPEH 8 Close Encounters with Music, Arts,PE & Health', 'K13', 'Carmelita Emilia D. Isidro', 'Wizard', 1, 2013, '700 Is81m', '2140', '', 5),
(566, 'MAPEH 9 Close Encounters with Music, Arts,PE & Health', 'K12', 'Carmelita Emilia D. Isidro', 'Wizard', 1, 2013, '700 Is81m', '2141', '', 5),
(567, 'MAPEH 10 Close Encounters with Music, Arts,PE & Health', 'K12', 'Carmelita Emilia D. Isidro', 'Wizard', 1, 2013, '700 Is81m', '2142', '', 5),
(568, 'MAPEH I', 'BEC', 'Vilma V. Perez', 'St. Bernadette', 1, 2004, '700 P438m', '2119', '', 5),
(569, 'MAPEH I', '', 'Gina A. Buena', 'Vicarish', 2, 2010, '700 B928m', '', '', 5),
(570, 'MAPEH II', '', 'Gina A. Buena', 'Vicarish', 1, 2010, '700 B928m', '2135', '', 5),
(571, 'MAPEH III', '', 'Gina A. Buena', 'Vicarish', 1, 2010, '700 B928m', '2136', '', 5),
(572, 'MAPEH IV', '', 'Gina A. Buena', 'Vicarish', 2, 2010, '700 B928m', '', '', 5),
(573, 'MAPEH in Action I', '', 'Carolina T. Gonzales', 'Rex', 1, 2008, '700 G643m', '2125', '', 5),
(574, 'MAPEH in Action II', '', 'Carolina T. Gonzales', 'Rex', 1, 2008, '701 G643m', '2126', '', 5),
(575, 'MAPEH on the Go 7', 'K12', 'Fritmarie R. Muyot', 'Sunshine Interlinks', 1, 2013, '700 M993m', '2143', '', 5),
(576, 'MAPEH on the Go 8', 'K12', 'Fritmarie R. Muyot', 'Sunshine Interlinks', 1, 2013, '700 M993m', '2144', '', 5),
(577, 'MAPEH on the Go 9', 'K12', 'Fritmarie R. Muyot', 'Sunshine Interlinks', 1, 2013, '700 M993m', '2145', '', 5),
(578, 'MAPEH: Making Us Fully Equipped 21st Century I', 'BEC', 'Nonabellre C. Agapay', 'Lightquest', 1, 2009, '700 Ag259m', '2186', '', 5),
(579, 'MAPEH: Making Us Fully Equipped 21st Century IV', 'BEC', 'Nonabellre C. Agapay', 'Lightquest', 1, 2009, '700 Ag259m', '2187', '', 5),
(580, 'MSEPP I', '', 'Vilma V. Perez', 'St. Bernadette', 2, 2003, '700 P438m', '', '', 5),
(581, 'MSEPP II', '', 'Vilma V. Perez', 'St. Bernadette', 2, 2003, '700 P438m', '', '', 5),
(582, 'MSEPP III', '', 'Vilma V. Perez', 'St. Bernadette', 2, 2003, '700 P438m', '', '', 5),
(583, 'MSEPP IV', '', 'Vilma V. Perez', 'St. Bernadette', 2, 2003, '700 P438m', '', '', 5),
(584, 'Music,Arts,Physical Education & Health II', '3rd ed', 'Ricardo R. Calubayan', 'FNB', 1, 2005, '700 C166m', '2120', '', 5),
(585, 'Music,Arts,Physical Education & Health III', '3rd ed', 'Ricardo R. Calubayan', 'FNB', 1, 2005, '700 C166m', '2121', '', 5),
(586, 'Music,Arts,Physical Education & Health IV', '3rd ed', 'Ricardo R. Calubayan', 'FNB', 1, 2005, '700 C166m', '2122', '', 5),
(587, 'Our World Of Mapeh 7  K-12', 'K12', 'Hazel P. Copiaco', 'Vibal', 10, 2013, '700 C783o', '', '', 5),
(588, 'Our World Of Mapeh 8  K-12', 'K12', 'Hazel P. Copiaco', 'Vibal', 10, 2014, '700 C783o', '', '', 5),
(589, 'Our World Of Mapeh 9  K-12', 'K12', 'Hazel P. Copiaco', 'Vibal', 10, 2014, '700 C783o', '', '', 5),
(590, 'Our World Of Mapeh 10  K-12', 'K12', 'Hazel P. Copiaco', 'Vibal', 10, 2014, '700 C783o', '', '', 5),
(591, 'Our World Of Mapeh I', '', 'Hazel P. Copiaco', 'Vibal', 10, 2011, '700 C783o', '', '', 5),
(592, 'Our World Of Mapeh II', '', 'Hazel P. Copiaco', 'Vibal', 10, 2011, '700 C783o', '', '', 5),
(593, 'Our World Of Mapeh III', '', 'Hazel P. Copiaco', 'Vibal', 10, 2011, '700 C783o', '', '', 5),
(594, 'Our World Of Mapeh IV', '', 'Hazel P. Copiaco', 'Vibal', 10, 2011, '700 C783o', '', '', 5),
(595, 'Physical Education, Health & Music I', '', 'Lorna P. Lopez', 'Rex', 2, 2000, '700 L864p', '', '', 5),
(596, 'Physical Education, Health & Music II', '', 'Lorna P. Lopez', 'Rex', 2, 2000, '700 L864p', '', '', 5),
(597, 'Physical Education, Health & Music III', '', 'Lorna P. Lopez', 'Rex', 2, 2000, '700 L864p', '', '', 5),
(598, 'Physical Education, Health & Music  IV', '', 'Lorna P. Lopez', 'Rex', 2, 2000, '700 L864p', '', '', 5),
(648, '21st Cenrtury Mathematics I', '', 'Misael Jose S. Fisico', 'Phoenix', 2, 1995, '', '1157-1158', '', 6),
(649, '21st Cenrtury Mathematics II', '', 'Lucy O. Sia', 'Phoenix', 2, 1995, '', '1162-1163', '', 6),
(650, '21st Cenrtury Mathematics III', '', 'Simon L. Chua', 'Phoenix', 4, 1995, '', '1167-1168', '', 6),
(651, '21st Cenrtury Mathematics IV', '', 'Simon L. Chua', 'Phoenix', 2, 1995, '', '1172-1173', '', 6),
(652, 'Advance Algebra  Trigo & Statistics', '', 'Soledad J. Dilao', 'Vibal', 1, 2003, '', '1357', '', 6),
(653, 'Advance Algebra & Trigonometry', '', 'Aurelio P. Ramos', 'Rex', 1, 2001, '', '1313', '', 6),
(654, 'Advanced Algebra fo Secondary Schools II', 'rev ed', 'Francis R. Cruz', 'Phoenix', 1, 2002, '', '1359', '', 6),
(655, 'Algebra    2nd course', '', 'Ernani Guzman', 'Academe', 1, 1989, '', '1296', '', 6),
(656, 'Applying Mathematics III', '', 'Numidas O. Limjap', 'Phoenix', 1, 1996, '', '1347', '', 6),
(657, 'Basic Algebra for Secondary Schools I', '', 'Carmen Dela Peña', 'Phoenix', 1, 2002, '', '1358', '', 6);
INSERT INTO `tbl_book_info` (`b_id`, `b_title`, `b_add_info`, `b_author`, `b_publisher`, `b_qty`, `b_copyright`, `b_call_no`, `b_acc_no`, `b_isbn`, `bc_id`) VALUES
(658, 'Basic Trigonometry for secondary Schools', '', 'Melecio C. Deauna', 'Sibs', 2, 1998, '', '1268-1269', '', 6),
(659, 'Beginning Algebra', '2nd ed', 'Myrna A. cabansay', 'Academe', 1, 1987, '', '1297', '', 6),
(660, 'Consumer Mathematics', '', 'Numidas O. Limjap', 'Phoenix', 2, 1987, '', '1308', '', 6),
(661, 'Contemporary High School Mathematics I', 'rev ed', 'Domingo Litong', 'Salesiana', 2, 1995, '', '1177-1178', '', 6),
(662, 'Contemporary High School Mathematics I', 'rev ed', 'Domingo J. Litong', 'Salesiana', 1, 2001, '', '1348', '', 6),
(663, 'Contemporary High School Mathematics II', 'rev ed', 'Domingo Litong', 'Salesiana', 2, 1995, '', '1183-1184', '', 6),
(664, 'Contemporary High School Mathematics II', 'rev ed', 'Domingo J. Litong', 'Salesiana', 1, 2001, '', '1349', '', 6),
(665, 'Contemporary High School Mathematics III', 'rev ed', 'Domingo Litong', 'Salesiana', 2, 1995, '', '1187-1188', '', 6),
(666, 'Contemporary High School Mathematics IV', '', 'Domingo Litong', 'Salesiana', 2, 1995, '', '1192-1193', '', 6),
(667, 'Discovering Mathematics II', '', 'Numidas O. Limjap', 'Phoenix', 2, 1996, '', '1343/1345', '', 6),
(668, 'Elementary Algebra', '', 'Pastor B. Malaborbor', 'Educl Resources', 1, 2002, '', '1299', '', 6),
(669, 'Elementary Algebra I ', '', 'Ma. Teresa Bayle', 'Abiva ', 2, 2003, '', '1333/1390', '', 6),
(670, 'Elementary Algera: The Language of Math II', '', 'Elizabeth O. Torreliza', 'FNB ', 1, 2003, '', '1331', '', 6),
(671, 'Elementary Algera: The Language of Math III', '', 'Dolores S. Pattuinan', 'FNB', 1, 2003, '', '1332', '', 6),
(672, 'Elementary Statistics for Basic Education', '', 'Melecio C. Deauna', 'Phoenix', 1, 1996, '', '1373', '', 6),
(673, 'Expanding Mathematics IV', '', 'Francis R. Cruz', 'Phoenix', 1, 1995, '', '1346', '', 6),
(674, 'Exploring Mathematics :Advanced Algebra & Trigo', '', 'Orlando A. Oronce', 'Rex', 2, 2003, '', '1256-1257', '', 6),
(675, 'Exploring Mathematics I', '', 'Carmen Dela Peña', 'Phoenix', 2, 1993, '', '1341-1342', '', 6),
(676, 'Exploring Mathematics: Elementary Algebra I', '', 'Orlando A. Oronce', 'Rex', 2, 2003, '', '1217-1218', '', 6),
(677, 'Exploring Mathematics: Gemetry III', '', 'Orlando A. Oronce', 'Rex', 2, 2003, '', '1244-1245', '', 6),
(678, 'Exploring Mathematics: Intermediate Algebra II', '', 'Orlando A. Oronce', 'Rex', 2, 2003, '', '1239-1240', '', 6),
(680, 'Exploring,valuing,enjoying,rewarding your….', '', 'Eliseo G. Argao', 'St. Augustine', 1, 1997, '', '1360', '', 6),
(681, 'Exploring,valuing,enjoying,rewarding your….II', '', 'Eliseo G. Argao', 'St. Augustine', 1, 1997, '', '1380', '', 6),
(682, 'Exploring,valuing,enjoying,rewarding your….III', '', 'Isabel A. Silvestre', 'St. Augustine', 1, 1998, '', '1381', '', 6),
(683, 'Foundations & Applications Algebra I', '', 'Nicanor Aly Ylarde', 'Rex', 2, 2001, '', '1310-1311', '', 6),
(684, 'Foundations & Applications Algebra II', '', 'Virgil V. Duod', 'Rex', 1, 2001, '', '1312', '', 6),
(685, 'Fundamental Mathematics', '', 'Myrna A. cabansay', 'Academe/Scott', 1, 1986, '', '1300', '', 6),
(686, 'Geometry', '', 'Myrna A. cabansay', 'Academe/ Scott', 1, 1980, '', '1307', '', 6),
(687, 'Geometry (Making Trends in Math Series) III', '', 'Cecile M. De Leon', 'Vibal', 1, 2002, '', '1356', '', 6),
(688, 'Geometry III', '', 'Metelyn O. Biaco', 'Vicarish', 1, 2005, '', '1362', '', 6),
(689, 'Geometry III', '', 'Edelmira Mapile', 'Academe', 1, 2005, '', '1364', '', 6),
(690, 'Geometry III', '', 'Melecio C. Deauna', 'Sibs', 1, 2004, '', '1371', '', 6),
(691, 'High School Mathematics III concepts & operations', '', 'Leonarda B. Pascua', 'Basic Media', 2, 1991, '', '1148-1149', '', 6),
(692, 'High School Mathematics VI concepts & operations', '', 'Leonarda B. Pascua', 'Basic Media', 2, 1991, '', '1153-1154', '', 6),
(693, 'Integrated Mathematics I', '', 'Cecile M. De Leon', 'Vibal', 1, 2000, '', '1336', '', 6),
(694, 'Integrated Mathematics II', '', 'Julieta G. Bernabe', 'Vibal', 2, 2000, '', '1337/1340', '', 6),
(695, 'Integrated Mathematics III', '', 'Soledad J. Dilao', 'Vibal', 1, 2000, '', '1338', '', 6),
(696, 'Integrated Mathematics III', '', 'Soledad J. Dilao', 'VP Books', 1, 1991, '', '1376', '', 6),
(697, 'Integrated Mathematics III', '', 'Elenita R. Rosales', 'Phoenix', 1, 1991, '', '1377', '', 6),
(698, 'Integrated Mathematics IV', '', 'Pablo D. Aseoche', 'Vibal', 1, 2000, '', '1339', '', 6),
(699, 'Intermediate Algebra', '', 'Myrna A. cabansay', 'Academe/Scott', 2, 1976, '', '1301-1302', '', 6),
(700, 'Intermediate Algebra Explorations & Applications', '', 'Gladys C. Nivera', 'Salesiana', 1, 2003, '', '1368', '', 6),
(701, 'Intermediate Algebra II', '', 'Corazon Alano', 'Abiva ', 1, 2003, '', '1334', '', 6),
(702, 'Intermediate Algebra II', '', 'Zenaida P. Parilla', 'Vicarish', 1, 2005, '', '1361', '', 6),
(703, 'Intermediate Algebra II', '', 'Edelmira Mapile', 'Academe', 1, 2005, '', '1363', '', 6),
(704, 'Intermediate Algebra: Explorations & Applications', '', 'Gladys C. Nievera', 'Salesiana', 1, 2003, '', '1389', '', 6),
(705, 'Introduction to Algebra :counting numbers ….', '', 'Estrelita L. Misa', 'FNB', 1, 1987, '', '1298', '', 6),
(706, 'Introduction to Analytical Geometry', '', 'Melecio C. Deauna', 'Sibs', 2, 1998, '', '1283-1284', '', 6),
(707, 'Making Connections in Mathematics I', '', 'Gladys C. Nievera', 'Vicarish', 1, 2002, '', '1350', '', 6),
(708, 'Making Connections in Mathematics II', '', 'Gladys C. Nievera', 'Vicarish', 2, 2002, '', '1351-1352', '', 6),
(709, 'Making Connections in Mathematics III', '', 'Gladys C. Nievera', 'Vicarish', 1, 2002, '', '1353', '', 6),
(710, 'Mastering Intermediate  Algebra II', '', 'Simon L. Chua', 'Sibs', 2, 2005, '', '1367', '', 6),
(711, 'Math World IV', '', 'Nelia T. Marquez', 'St. Augustine', 1, 2000, '', '1372', '', 6),
(712, 'Mathematics 3 Integrated Approach', '2nd ed', 'Antonio C. Coronel', 'Bookmark', 1, 2000, '', '1326', '', 6),
(714, 'Mathematics 3 Integrated Approach', '', 'Antonio C. Coronel', 'Bookmark', 1, 1991, '', '1328', '', 6),
(715, 'Mathematics 4 Integrated Approach', '2rd ed', 'Antonio C. Coronel', 'Bookmark', 1, 2000, '', '1327', '', 6),
(716, 'Mathematics 4 Integrated Approach', '', 'Antonio C. Coronel', 'Bookmark', 1, 1992, '', '1329', '', 6),
(717, 'Mathematics for Phil. High School III', '', 'Norbert  V. Gatan', 'St. Bernadette', 1, 1991, '', '1384', '', 6),
(718, 'Mathematics for Phililippine  High School III', '', 'Norbert  V. Gatan', 'St. Bernadette', 1, 1991, '', '1388', '', 6),
(719, 'Mathematics I Concepts, structure……', '', 'Orlando A. Oronce', 'Rex', 2, 1996, '', '1197/1200', '', 6),
(720, 'Mathematics II  Concepts, structure……', '', 'Orlando A. Oronce', 'Rex', 2, 1996, '', '1202-1203', '', 6),
(721, 'Mathematics III  Concepts, structure……', '', 'Orlando A. Oronce', 'Rex', 2, 1996, '', '1207-1208', '', 6),
(722, 'Mathematics in the Catholic High School I', '', 'Domingo J. Litong', 'Salesiana', 1, 1989, '', '1379', '', 6),
(723, 'Mathematics IV Concepts, structure……', '', 'Orlando A. Oronce', 'Rex', 2, 1996, '', '1212-1213', '', 6),
(724, 'Mathematics Towards Technology I ', '', 'Juanito O. Jusingco', 'ICS Publishing', 1, 1995, '', '1321', '', 6),
(725, 'Mathematics Towards Technology II', '', 'Vilma S. Dominguez', 'ICS Publishing', 1, 1995, '', '1322', '', 6),
(726, 'Mathematics Towards Technology III', '', 'Carmelita U. Cruz', 'ICS Publishing', 1, 1995, '', '1323', '', 6),
(727, 'Mathematics Towards Technology IV', '', 'Ronaldo M. San Jose', 'ICS Publishing', 1, 1995, '', '1324', '', 6),
(728, 'Modern Mathematics for  Filipinos I', '', 'Rufina L. Marquez', 'St. Mary s', 2, 2002, '', '1314-1315', '', 6),
(729, 'Modern Mathematics for  Filipinos II', '', 'Rufina L. Marquez', 'St. Mary s', 2, 2002, '', '1316-1317', '', 6),
(730, 'Modern Mathematics for  Filipinos III', '', 'Rufina L. Marquez', 'St. Mary s', 1, 2002, '', '1318', '', 6),
(731, 'Modern Mathematics for  Filipinos IV', '', 'Rufina L. Marquez', 'St. Mary s', 2, 2002, '', '1319-1320', '', 6),
(732, 'New Math 3 Geometry', '', 'Alicia Guevarra', 'Phil. Book Co.', 1, 1985, '', '1303', '', 6),
(733, 'Next Generation Math  I : Elementary Algebra', '', 'Mariel T. Atregenio', 'Diwa', 5, 2011, '', '1392-1395', '', 6),
(734, 'Next Generation Math  II : Intermediate Algebra', '', 'Grace O. Aoanan', 'Diwa', 5, 2011, '', '1399-1403', '', 6),
(735, 'Next Generation Math III: Geometry', '', 'Ma. Maitas M. Marasigan', 'Diwa', 5, 2011, '', '', '', 6),
(736, 'Next Generation Math IV: ', '', 'Clarissa U. Collado', 'Diwa', 5, 2011, '', '1411-1415', '', 6),
(737, 'Numlock I ', '', 'Isabelita C. O Dell ', 'Trinitas', 1, 1993, '', '1375', '', 6),
(738, 'Numlock III', '', 'Evangeline P. Bautista', 'Trinitas', 1, 1993, '', '1374', '', 6),
(739, 'Trends & Essentials:Secondary School Math ', '', 'Florentina L. Gorospe', 'FNB Educ l', 1, 1990, '', '1382', '', 6),
(740, 'Trends & Essentials:Secondary School Math II', '', 'Florentina L. Gorospe', 'FNB Educ l', 1, 1990, '', '1378', '', 6),
(741, 'Understanding Elementary Algebra I', '', 'Simon L. Chua', 'Sibs', 1, 2004, '', '1365', '', 6),
(742, 'Understanding Elementary Algebra I', '', 'Simon L. Chua', 'Sibs', 1, 2004, '', '1391', '', 6),
(743, 'Wizard Mathematics IV', '', 'Anne D. Dignadice', 'Wizard', 1, 2006, '', '1385', '', 6),
(744, 'Wizard Mathematics: Advanced Algebra & Trigo IV', '', 'Anne D. Dignadice', 'Wizard', 2, 2006, '', '1406-1407', '', 6),
(745, 'Wizard Mathematics: Geometry III', '', 'Anne D. Dignadice', 'Wizard', 2, 2006, '', '1396-1397', '', 6),
(746, 'Wizard Mathematics: Intermediate Algebra II', '1st ed', 'Anne D. Dignadice', 'Wizard', 1, 2006, '', '1387', '', 6),
(747, 'Aotomotive Mechanics', '10th ed', 'Crouse-Anglin', 'GlencoeMc Millan', 1, 1993, '', '1983', '', 8),
(748, 'Basic Electronics I 3rd year', '', 'Ambrosio E. Ebalan', 'Phoenix', 1, 1998, '', '1992', '', 8),
(749, 'Basic Electronics I 4th year', '', 'Ambrosio E. Ebalan', 'Phoenix', 1, 1996, '', '1993', '', 8),
(750, 'Business & Disatributive Arts 3', '', 'Jessica Calforo-Salas', 'Rex', 2, 1986, '', '', '', 8),
(751, 'Diesel Engine Operations & Maintenance', '', 'V.L. Maleev', 'Mc Graw Hill', 1, 1978, '', '1986', '', 8),
(752, 'Drafting Volume I', 'vol 1', 'German M. Manaois', 'Phoenix', 1, 1983, '', '1989', '', 8),
(753, 'Drafting Volume II', 'vol 2', 'German M. Manaois', 'Phoenix', 2, 1983, '', '', '', 8),
(754, 'Dressmaking 4th year', '', 'Epifania V. Tabbada', 'Phoenix', 1, 1994, '', '1997', '', 8),
(755, 'Fundamentals of Automotive', '', 'Bonifacio Arzadon', 'National Bookstore', 1, 1987, '', '1987', '', 8),
(756, 'Grob Basic Electronics', '7th', 'Bernard Grob', 'GlencoeMc Millan', 1, 1992, '', '1958', '', 8),
(757, 'Nursing Arts II 4th year', '', 'Aurora G. Corpuz', 'Phoenix', 1, 1994, '', '1996', '', 8),
(758, 'Online With T.L.E. I', '', 'Xandra E. Caballero', 'Sunshine Interlinks', 1, 2006, '', '', '', 8),
(759, 'Online With T.L.E. III', '', 'Xandra E. Caballero', 'Sunshine Interlinks', 1, 2006, '', '2018', '', 8),
(760, 'Online With T.L.E. III', '', 'Xandra E. Caballero', 'Sunshine Interlinks', 1, 2006, '', '', '', 8),
(761, 'Online With T.L.E. IV', '', 'Xandra E. Caballero', 'Sunshine Interlinks', 1, 2006, '', '', '', 8),
(762, 'Pnoy Entreprenor: Technology & Home Economics I', '', 'Elsie K. Santos', 'Diwa', 1, 1999, '', '1945', '', 8),
(763, 'Pnoy Entreprenor: Technology & Home Economics II', '', 'Elsie K. Santos', 'Diwa', 2, 1999, '', '', '', 8),
(764, 'T.H.E. for Secondary Schools II', 'rev ed', 'June B. Principe', 'FNB', 1, 1999, '', '2013', '', 8),
(765, 'T.H.E. for Secondary Schools III', 'rev ed', 'June B. Principe', 'FNB', 1, 1999, '', '2014', '', 8),
(766, 'T.H.E. for Secondary Schools IV', 'rev ed', 'June B. Principe', 'FNB', 1, 1999, '', '2015', '', 8),
(767, 'T.H.E. In the 21st Century I', '', 'Rosario Claridad Cruz', 'Rex', 2, 2003, '', '', '', 8),
(768, 'T.H.E. in the 21st Century IV', '', 'Rosario Claridad Cruz', 'Rex', 1, 2003, '', '2001', '', 8),
(769, 'Technical Drafting I', '', 'Elpidio Cardenas', 'National Bookstore', 1, 1992, '', '1988', '', 8),
(770, 'Technology & Home Economics I', '', 'Epifania  V. Tabbada', 'Phoenix', 3, 1993, '', '', '', 8),
(771, 'Technology & Home Economics I', '', 'Ines Alcantara De Guzman ', 'St. Bernadette', 2, 1997, '', '', '', 8),
(772, 'Technology & Home Economics I', '', 'Fe S. Mangalindan', 'Rex', 2, 1994, '', '', '', 8),
(773, 'Technology & Home Economics I', '', 'Florida C. Leuterio', 'St. Augustine', 1, 1994, '', '2005', '', 8),
(774, 'Technology & Home Economics I', '', 'Florida C. Leuterio', 'St. Augustine', 1, 1994, '', '2029', '', 8),
(775, 'Technology & Home Economics II', '', 'Jesse D. Dagoon', 'Rex', 2, 1991, '', '', '', 8),
(776, 'Technology & Home Economics II', '', 'Florida C. Leuterio', 'St. Augustine', 1, 1994, '', '2006', '', 8),
(777, 'Technology & Home Economics II', '', 'Florida C. Leuterio', 'St. Augustine', 1, 1994, '', '2026', '', 8),
(778, 'Technology & Home Economics III', '', 'Ines Alcantara De Guzman ', 'St. Bernadette', 1, 1995, '', '1939', '', 8),
(779, 'Technology & Home Economics III', '', 'Dionisia G. De Guzman', 'Rex', 1, 1996, '', '1999', '', 8),
(780, 'Technology & Home Economics III', '', 'Florida C. Leuterio', 'St. Augustine', 2, 1994, '', '', '', 8),
(781, 'Technology & Home Economics III', '', 'Florida C. Leuterio', 'St. Augustine', 1, 1994, '', '2027', '', 8),
(782, 'Technology & Home Economics IV', '', 'Florida C. Leuterio', 'St. Augustine', 1, 1995, '', '2009', '', 8),
(783, 'Technology & Home Economics IV', '', 'Florida C. Leuterio', 'St. Augustine', 1, 1994, '', '2028', '', 8),
(784, 'Technology & Livelihood Educ for Sustainable..   I', '', 'Florida C. Leuterio', 'St. Augustine', 1, 2005, '', '2022', '', 8),
(785, 'Technology & Livelihood Educ for Sustainable..   II', '', 'Florida C. Leuterio', 'St. Augustine', 1, 1994, '', '2025', '', 8),
(786, 'Technology & Livelihood Educ for Sustainable..   III', '', 'Florida C. Leuterio', 'St. Augustine', 1, 2005, '', '2023', '', 8),
(787, 'Technology & Livelihood Educ for Sustainable..   IV', '', 'Florida C. Leuterio', 'St. Augustine', 1, 2005, '', '2024', '', 8),
(788, 'Technology & Livelihood Education I', '', 'Ines Alcantara De Guzman ', 'IEMI', 1, 2004, '', '2020', '', 8),
(789, 'Technology & Livelihood Education I', '', 'Gee E. Velasquez', 'Jo-es', 1, 2006, '', '2031', '', 8),
(790, 'Technology & Livelihood Education II', '', 'Gee E. Velasquez', 'Jo-es', 1, 2006, '', '2033', '', 8),
(791, 'Technology & Livelihood Education III', '', 'Gee E. Velasquez', 'Jo-es', 1, 2006, '', '2034', '', 8),
(792, 'Technology & Livelihood Education IV', '', 'Gee E. Velasquez', 'Jo-es', 2, 2006, '', '', '', 8),
(793, 'The New Technology & Home Economics I', '', 'Ines Alcantara De Guzman ', 'Sta. Teresa', 1, 1997, '', '2003', '', 8),
(794, 'Welding Technology', '2nd ed', 'Gower A. Kennedy', 'Mc Graw Hill', 1, 1982, '', '1984', '', 8),
(837, 'Contemporary Philippine Arts from the Regions', '', 'Fernando Orines', 'Vibal', 10, 2016, '', '', '', 7),
(838, 'Earth  Science', '', 'Religioso / Vengco', 'Phoenix', 10, 2016, '', '', '', 7),
(839, 'Earth and Life Science', '', 'Religioso / Vengco', 'Phoenix', 10, 2016, '', '', '', 7),
(840, 'English for Academic & Professional Purposes', '', 'John Daryl Wyson', 'Vibal', 10, 2016, '', '', '', 7),
(841, 'Introduction to the Philosophy of the Human Person', '', 'Aleli Caraan', 'Diwa', 10, 2016, '', '', '', 7),
(842, 'Komunikasyon at Pananaliksik sa Wika at Kulturang Pilipino', '', 'Alvin Ringgo Reyes', 'Diwa', 10, 2016, '', '', '', 7),
(843, 'Next Century Mathematics (General Mathematics)', '', 'Fernando Orines', 'Phoenix', 10, 2016, '', '', '', 7),
(844, 'Oral Communication In Context', '', 'Peña / Anudin', 'Vibal', 10, 2016, '', '', '', 7),
(845, 'Personal Development', '', 'Myreen P. Cleofe', 'Diwa', 10, 2016, '', '', '', 7),
(846, 'Practical Research 1', '', 'Ruel Avilla', 'Diwa', 10, 2016, '', '', '', 7),
(847, 'Pre-Calculus', '', 'Garces/Eden/Verzosa', 'Vibal', 10, 2016, '', '', '', 7),
(848, 'Understanding Culture , Society and Politics', '', 'Maria Carinnes Gonzales', 'Diwa', 10, 2016, '', '', '', 7),
(849, 'Philippine Literature & Communication Arts 7', '', 'Josefina P. Gabriel', 'St. Bernadette', 10, 2015, '', '', '', 7),
(850, 'African & American Lit. & Com. Arts 8', '', 'Josefina P. Gabriel', 'St. Bernadette', 10, 2013, '', '', '', 7),
(851, 'English, American & Phil. Lit. & Com. Arts 9', '', 'Josefina P. Gabriel', 'St. Bernadette', 10, 2014, '', '', '', 7),
(852, 'World Literature & Communication Arts 10', '', 'Josefina P. Gabriel', 'St. Bernadette', 10, 2014, '', '', '', 7),
(853, 'Hiyas ng Lahi 7', '', 'Magdalena O. Joson', 'Vibal', 10, 2013, '', '', '', 7),
(854, 'Hiyas ng Lahi 8', '', 'Magdalena O. Joson', 'Vibal', 10, 2013, '', '', '', 7),
(855, 'Hiyas ng Lahi 9', '', 'Mary Arr. D. Malirong', 'Vibal', 10, 2014, '', '', '', 7),
(856, 'Hiyas ng Lahi 10', '', 'Elvira R. Liwanag', 'Vibal', 10, 2015, '', '', '', 7),
(857, 'Araling Asyano', '', 'Romela M. Cruz', 'Vibal', 10, 2013, '', '', '', 7),
(858, 'Kasaysayan ng Daigdig', '', 'Mark Alvin M. Cruz', 'Vibal', 10, 2014, '', '', '', 7),
(859, 'Pambansang Ekonomiya at Pag-unlad', '', 'Bernard R. Balitao', 'Vibal', 10, 2015, '', '', '', 7),
(860, 'Next Century Mathematics 7', '', 'Fernando B. Orines', 'Phoenix', 10, 2012, '', '', '', 7),
(861, 'Next Century Mathematics 8', '', 'Zenaida B. Diaz', 'Phoenix', 10, 2013, '', '', '', 7),
(862, 'Next Century Mathematics 9', '', 'Zenaida B. Diaz', 'Phoenix', 10, 2014, '', '', '', 7),
(863, 'Next Century Mathematics 10', '', 'Mirla S. Esparrago', 'Phoenix', 10, 2015, '', '', '', 7),
(864, 'Science for the 21st Century Learner 7', '', 'Jomar Aries T. Laurente', 'Diwa', 10, 2015, '', '', '', 7),
(865, 'Science for the 21st Century Learner 8', '', 'Anne Brigette U. Lim', 'Diwa', 10, 2015, '', '', '', 7),
(866, 'Science Links 9', '', 'Jonna M. Abistado', 'Rex', 10, 2014, '', '', '', 7),
(867, 'Science Links 10', '', 'Meliza P. Baldoz', 'Rex', 10, 2015, '', '', '', 7),
(868, 'Our World of Mapeh 7', '', 'Hazel P. Copiaco', 'Vibal', 10, 2013, '', '', '', 7),
(869, 'Our World of Mapeh 8', '', 'Hazel P. Copiaco', 'Vibal', 10, 2013, '', '', '', 7),
(870, 'Our World of Mapeh 9', '', 'Hazel P. Copiaco', 'Vibal', 10, 2014, '', '', '', 7),
(871, 'Our World of Mapeh 10', '', 'Hazel P. Copiaco', 'Vibal', 10, 2014, '', '', '', 7),
(872, 'God s Love I', '2nd ed', 'Constantina Arrogante', 'Vibal', 10, 2010, '', '', '', 7),
(873, 'God s Love II', '2nd ed', 'Constantina Arrogante', 'Vibal', 10, 2010, '', '', '', 7),
(874, 'God s Love III', '2nd ed', 'Rodel M. Aguire', 'Vibal', 10, 2010, '', '', '', 7),
(875, 'God s Love IV', '2nd ed', 'Mary Erika N. Bolaños', 'Vibal', 10, 2010, '', '', '', 7),
(876, 'sample''a', 'abc', 'sample''author', 'sample''publisher''a', 10, 1990, 'aa', 'qqqf', '123', 4);

-- --------------------------------------------------------

--
-- Table structure for table `tbl_borrowed_book`
--

DROP TABLE IF EXISTS `tbl_borrowed_book`;
CREATE TABLE IF NOT EXISTS `tbl_borrowed_book` (
  `bb_id` int(11) NOT NULL AUTO_INCREMENT,
  `stud_id_number` varchar(20) NOT NULL,
  `b_id` int(11) NOT NULL,
  `b_ref_num` varchar(30) NOT NULL,
  `bb_borrowed_date` date NOT NULL,
  `bb_due_date` date NOT NULL,
  `bb_status` int(11) NOT NULL,
  PRIMARY KEY (`bb_id`)
) ENGINE=InnoDB AUTO_INCREMENT=2 DEFAULT CHARSET=latin1;

--
-- Dumping data for table `tbl_borrowed_book`
--

INSERT INTO `tbl_borrowed_book` (`bb_id`, `stud_id_number`, `b_id`, `b_ref_num`, `bb_borrowed_date`, `bb_due_date`, `bb_status`) VALUES
(1, '123112434', 650, '1', '2016-08-11', '2016-08-11', 1);

-- --------------------------------------------------------

--
-- Table structure for table `tbl_returned_book`
--

DROP TABLE IF EXISTS `tbl_returned_book`;
CREATE TABLE IF NOT EXISTS `tbl_returned_book` (
  `rb_id` int(11) NOT NULL AUTO_INCREMENT,
  `b_id` int(11) NOT NULL,
  `stud_id_number` varchar(20) NOT NULL,
  `rb_returned_date` date NOT NULL,
  `rb_over_due_days` int(11) NOT NULL,
  `ref_num` varchar(30) NOT NULL,
  PRIMARY KEY (`rb_id`)
) ENGINE=InnoDB AUTO_INCREMENT=10 DEFAULT CHARSET=latin1;

--
-- Dumping data for table `tbl_returned_book`
--

INSERT INTO `tbl_returned_book` (`rb_id`, `b_id`, `stud_id_number`, `rb_returned_date`, `rb_over_due_days`, `ref_num`) VALUES
(1, 650, '123112434', '2016-08-11', 0, '1'),
(2, 363, '123112434', '2016-08-11', 0, ''),
(3, 648, '123112434', '2016-08-14', 0, ''),
(4, 649, '123112434', '2016-08-14', 0, ''),
(5, 650, '123112434', '2016-08-14', 0, ''),
(6, 651, '123112434', '2016-08-14', 0, ''),
(7, 475, '123112434', '2016-08-14', 0, ''),
(8, 648, '123112434', '2016-08-14', 0, ''),
(9, 650, '123112434', '2016-09-17', 0, '1');

-- --------------------------------------------------------

--
-- Table structure for table `tbl_rfid_tag`
--

DROP TABLE IF EXISTS `tbl_rfid_tag`;
CREATE TABLE IF NOT EXISTS `tbl_rfid_tag` (
  `rfid_id` int(11) NOT NULL AUTO_INCREMENT,
  `rfid_tag_id` varchar(30) DEFAULT NULL,
  `rfid_tag_active` int(11) DEFAULT NULL,
  `rfid_tag_assigned` varchar(2) DEFAULT NULL,
  PRIMARY KEY (`rfid_id`)
) ENGINE=InnoDB AUTO_INCREMENT=1332 DEFAULT CHARSET=latin1;

--
-- Dumping data for table `tbl_rfid_tag`
--

INSERT INTO `tbl_rfid_tag` (`rfid_id`, `rfid_tag_id`, `rfid_tag_active`, `rfid_tag_assigned`) VALUES
(1, '002B9BA24E000104E0', 0, '1'),
(2, '00309BA24E000104E0', 1, '1'),
(3, '1', 1, '1'),
(4, '11', 0, '0'),
(7, '00FBA1A24E000104E0', 1, '1'),
(8, '0078A1A24E000104E0', 1, '1'),
(9, '001B9EA24E000104E0', 1, '1'),
(10, '00989DA24E000104E0', 0, '1'),
(11, 'a678dfd5', 1, '1'),
(12, '01bee0d5', 1, '1'),
(13, '833de0d5', 1, '1'),
(15, '975ddfd5', 1, '1'),
(16, 'a40afebe', 0, '0'),
(17, 'e40df9be', 1, '0'),
(18, '7488f7be', 1, '0'),
(19, 'd437fbbe', 0, '0'),
(20, '54cff9be', 1, '0'),
(21, '7431febe', 1, '1'),
(22, '644100bf', 0, '0'),
(23, 'e463f9be', 1, '0'),
(24, '44fdfbbe', 0, '0'),
(25, '34e8f7be', 0, '0'),
(26, '1c18e2d5', 1, '1'),
(30, '975ddfd5', 1, '1'),
(31, 'd437fbbe', 1, '1'),
(32, 'd437fbbe', 1, '1'),
(33, '', 1, '0'),
(34, 'a678dfd5', 1, '1'),
(35, '833de0d5', 1, '1'),
(37, '975ddfd5', 1, '1'),
(38, '975ddfd5', 1, '1'),
(39, '975ddfd5', 1, '1'),
(40, 'a678dfd5', 1, '1'),
(42, '833de0d5', 1, '1'),
(44, 'a678dfd5', 1, '1'),
(46, '833de0d5', 1, '1'),
(48, 'a678dfd5', 1, '1'),
(49, 'a678dfd5', 1, '1'),
(50, 'a678dfd5', 1, '1'),
(51, 'a678dfd5', 1, '1'),
(52, 'a678dfd5', 1, '1'),
(54, '833de0d5', 1, '1'),
(55, 'a678dfd5', 1, '1'),
(56, 'a678dfd5', 1, '1'),
(57, 'a678dfd5', 1, '1'),
(58, 'a678dfd5', 1, '1'),
(59, 'a678dfd5', 1, '1'),
(60, '833de0d5', 1, '1'),
(62, 'a678dfd5', 1, '1'),
(63, 'a678dfd5', 1, '1'),
(64, 'a678dfd5', 1, '1'),
(65, '975ddfd5', 1, '1'),
(66, '975ddfd5', 1, '1'),
(67, '975ddfd5', 1, '1'),
(68, '975ddfd5', 1, '1'),
(69, '975ddfd5', 1, '1'),
(70, '975ddfd5', 1, '1'),
(71, '975ddfd5', 1, '1'),
(72, '975ddfd5', 1, '1'),
(73, '975ddfd5', 1, '1'),
(74, '975ddfd5', 1, '1'),
(75, '975ddfd5', 1, '1'),
(76, '975ddfd5', 1, '1'),
(77, '975ddfd5', 1, '1'),
(78, '975ddfd5', 1, '1'),
(79, '975ddfd5', 1, '1'),
(80, '975ddfd5', 1, '1'),
(81, '975ddfd5', 1, '1'),
(82, '975ddfd5', 1, '1'),
(83, '975ddfd5', 1, '1'),
(84, '975ddfd5', 1, '1'),
(85, '975ddfd5', 1, '1'),
(86, '975ddfd5', 1, '1'),
(87, '975ddfd5', 1, '1'),
(88, '975ddfd5', 1, '1'),
(90, '975ddfd5', 1, '1'),
(91, 'd437fbbe', 1, '1'),
(92, 'd437fbbe', 1, '1'),
(93, 'd437fbbe', 1, '1'),
(94, 'd437fbbe', 1, '1'),
(95, 'd437fbbe', 1, '1'),
(96, '975ddfd5', 1, '1'),
(97, '975ddfd5', 1, '1'),
(98, '975ddfd5', 1, '1'),
(99, '975ddfd5', 1, '1'),
(100, '975ddfd5', 1, '1'),
(101, '975ddfd5', 1, '1'),
(102, '975ddfd5', 1, '1'),
(103, '975ddfd5', 1, '1'),
(104, '975ddfd5', 1, '1'),
(105, 'a678dfd5', 1, '1'),
(106, 'a678dfd5', 1, '1'),
(107, '833de0d5', 1, '1'),
(108, '975ddfd5', 1, '1'),
(111, 'a678dfd5', 1, '1'),
(113, '7431febe', 1, '1'),
(114, '833de0d5', 1, '1'),
(115, '975ddfd5', 1, '1'),
(116, '001B9EA24E000104E0', 1, '1'),
(117, '975ddfd5', 1, '1'),
(119, '975ddfd5', 1, '1'),
(121, '975ddfd5', 1, '1'),
(122, '975ddfd5', 1, '1'),
(124, 'a678dfd5', 1, '1'),
(125, '975ddfd5', 1, '1'),
(126, '975ddfd5', 1, '1'),
(127, '975ddfd5', 1, '1'),
(129, '975ddfd5', 1, '1'),
(130, '975ddfd5', 1, '1'),
(131, '975ddfd5', 1, '1'),
(132, '975ddfd5', 1, '1'),
(133, '975ddfd5', 1, '1'),
(134, '975ddfd5', 1, '1'),
(135, '975ddfd5', 1, '1'),
(136, 'a678dfd5', 1, '1'),
(137, '975ddfd5', 1, '1'),
(138, '975ddfd5', 1, '1'),
(139, '975ddfd5', 1, '1'),
(140, '644100bf', 1, '1'),
(141, '833de0d5', 1, '1'),
(142, '833de0d5', 1, '1'),
(143, '833de0d5', 1, '1'),
(144, '00309BA24E000104E0', 1, '1'),
(145, '7431febe', 1, '1'),
(146, '644100bf', 1, '1'),
(147, '00FBA1A24E000104E0', 1, '1'),
(148, '001B9EA24E000104E0', 1, '1'),
(149, '00FBA1A24E000104E0', 1, '1'),
(150, '00309BA24E000104E0', 1, '1'),
(151, '833de0d5', 1, '1'),
(152, '0078A1A24E000104E0', 1, '1'),
(153, '001B9EA24E000104E0', 1, '1'),
(154, '2614bb2e', 1, '1'),
(155, '062db72e', 1, '1'),
(156, '26b2b92e', 1, '1'),
(157, '4694b72e', 1, '1'),
(160, 'e61bb62e', 1, '1'),
(161, 'a64dbc2e', 1, '1'),
(162, '06f8be2e', 1, '1'),
(163, '5634b92e', 1, '1'),
(164, '16abbe2e', 1, '1'),
(165, '16c9bc2e', 1, '1'),
(166, 'a6febd2e', 1, '1'),
(167, 'a6fbb42e', 1, '1'),
(168, '069bbe2e', 1, '1'),
(169, '8630b92e', 1, '1'),
(170, '4672b62e', 1, '1'),
(171, '36a1b72e', 1, '1'),
(172, '06dbb72e', 1, '1'),
(173, '86fdb42e', 1, '1'),
(174, 'd6feb82e', 1, '1'),
(175, 'e60fb82e', 1, '1'),
(176, '4689b12e', 1, '1'),
(177, '7613bd2e', 1, '1'),
(178, 'd62eb82e', 1, '1'),
(179, '262bb82e', 1, '1'),
(180, '9615b42e', 1, '1'),
(181, 'b640b82e', 1, '1'),
(182, '16e5b82e', 1, '1'),
(183, '96fabc2e', 1, '1'),
(184, '7676bc2e', 1, '1'),
(185, '66cfbb2e', 1, '1'),
(186, '3663b32e', 1, '1'),
(187, 'c625b52e', 1, '1'),
(188, '56fdbe2e', 1, '1'),
(189, 'b623b62e', 1, '1'),
(190, '3633b72e', 1, '1'),
(191, '9635ba2e', 1, '1'),
(192, 'b604b62e', 1, '1'),
(193, '86f2b42e', 1, '1'),
(194, '4687bb2e', 1, '1'),
(195, '46e7bd2e', 1, '1'),
(196, 'f632b42e', 1, '1'),
(197, 'b681bb2e', 1, '1'),
(198, '86b7b62e', 1, '1'),
(199, 'f611b32e', 1, '1'),
(200, '96d7ba2e', 1, '1'),
(201, 'b6aabc2e', 1, '1'),
(202, '16a1b92e', 1, '1'),
(203, '66d2b52e', 1, '1'),
(204, '565db22e', 1, '1'),
(205, 'a696b32e', 1, '1'),
(206, 'a677b42e', 1, '1'),
(207, 'e6a9b52e', 1, '1'),
(208, '26a2be2e', 1, '1'),
(209, '460cb22e', 1, '1'),
(210, 'e6edb32e', 1, '1'),
(211, 'f6e5bc2e', 1, '1'),
(212, 'c6d4bd2e', 1, '1'),
(213, '56d3b82e', 1, '1'),
(214, '0671ba2e', 1, '1'),
(215, '2668bc2e', 1, '1'),
(216, 'c622ba2e', 1, '1'),
(217, '5635b72e', 1, '1'),
(218, '76a4b52e', 1, '1'),
(219, 'c6c9b62e', 1, '1'),
(220, '5678b52e', 1, '1'),
(221, '2676ba2e', 1, '1'),
(222, '16c7b72e', 1, '1'),
(223, '561abc2e', 1, '1'),
(224, '669fb12e', 1, '1'),
(225, '2647b52e', 1, '1'),
(226, '56cdb52e', 1, '1'),
(227, '76adbd2e', 1, '1'),
(228, 'b6ecb62e', 1, '1'),
(229, '26d2b52e', 1, '1'),
(230, '368ebc2e', 1, '1'),
(231, '9657b82e', 1, '1'),
(232, '6677bc2e', 1, '1'),
(233, 'c696b62e', 1, '1'),
(234, 'e639b92e', 1, '1'),
(235, '7645ba2e', 1, '1'),
(236, '86fcbb2e', 1, '1'),
(237, '2629b52e', 1, '1'),
(238, '0624b22e', 1, '1'),
(239, '9602b42e', 1, '1'),
(240, '06b7b72e', 1, '1'),
(241, '4614b72e', 1, '1'),
(242, '366dbb2e', 1, '1'),
(243, 'c6f6ba2e', 1, '1'),
(244, 'e686b12e', 1, '1'),
(245, '962fbc2e', 1, '1'),
(246, '0620b32e', 1, '1'),
(247, '56c8bd2e', 1, '1'),
(248, '76c2bd2e', 1, '1'),
(249, 'c680bb2e', 1, '1'),
(250, '46efbb2e', 1, '1'),
(251, 'e6b8bb2e', 1, '1'),
(252, '3657b92e', 1, '1'),
(253, '86b3bc2e', 1, '1'),
(254, '56a9b62e', 1, '1'),
(255, '16a2bb2e', 1, '1'),
(256, '7620b52e', 1, '1'),
(257, '16f8b42e', 1, '1'),
(258, '7607b62e', 1, '1'),
(259, 'b66db62e', 1, '1'),
(260, '06ecb22e', 1, '1'),
(261, 'c67dba2e', 1, '1'),
(262, '66e3b52e', 1, '1'),
(263, '863cb52e', 1, '1'),
(264, 'c6e2bc2e', 1, '1'),
(265, '96aab52e', 1, '1'),
(266, '461db62e', 1, '1'),
(267, 'f62bb52e', 1, '1'),
(268, '4690b92e', 1, '1'),
(269, 'a6d5bd2e', 1, '1'),
(270, 'd68abc2e', 1, '1'),
(271, 'c6b1b42e', 1, '1'),
(272, '96c5bc2e', 1, '1'),
(273, '2626bd2e', 1, '1'),
(274, '46d2bd2e', 1, '1'),
(275, 'e629bb2e', 1, '1'),
(276, 'b6b3bd2e', 1, '1'),
(277, '666fb32e', 1, '1'),
(278, '1664b82e', 1, '1'),
(279, '8638b32e', 1, '1'),
(280, '261bbc2e', 1, '1'),
(281, '46e9b22e', 1, '1'),
(282, 'f6e5bb2e', 1, '1'),
(283, '86fbb12e', 1, '1'),
(284, 'd60ab22e', 1, '1'),
(285, 'd6dcbd2e', 1, '1'),
(286, 'f6c7b22e', 1, '1'),
(287, 'b6c2b12e', 1, '1'),
(288, 'd673bc2e', 1, '1'),
(289, '9604b72e', 1, '1'),
(290, 'd666be2e', 1, '1'),
(291, 'f6c1bb2e', 1, '1'),
(292, '26efb82e', 1, '1'),
(293, '46fbb12e', 1, '1'),
(294, '36a1b22e', 1, '1'),
(295, '160eb22e', 1, '1'),
(296, 'e6cdbb2e', 1, '1'),
(297, 'd65db42e', 1, '1'),
(298, '56a2b32e', 1, '1'),
(299, '5637b52e', 1, '1'),
(300, 'e65db42e', 1, '1'),
(301, '5601bf2e', 1, '1'),
(302, 'a653b62e', 1, '1'),
(303, '4696b72e', 1, '1'),
(304, '1610b72e', 1, '1'),
(305, 'c60eba2e', 1, '1'),
(306, '76b7b92e', 1, '1'),
(307, 'a61bb22e', 1, '1'),
(308, '7646b52e', 1, '1'),
(309, 'b63abd2e', 1, '1'),
(310, 'e66bb92e', 1, '1'),
(311, '9687b92e', 1, '1'),
(312, '0602b52e', 1, '1'),
(313, '767cbb2e', 1, '1'),
(314, '46c3bd2e', 1, '1'),
(315, '06f7b32e', 1, '1'),
(316, 'a68bb92e', 1, '1'),
(317, 'b6bcbc2e', 1, '1'),
(318, 'a677bb2e', 1, '1'),
(319, '568bb92e', 1, '1'),
(320, '4647bc2e', 1, '1'),
(321, '167fbe2e', 1, '1'),
(322, '36bdb22e', 1, '1'),
(323, 'f696b82e', 1, '1'),
(324, '9622bb2e', 1, '1'),
(325, '567cbb2e', 1, '1'),
(326, '76a8b72e', 1, '1'),
(327, '26bdbd2e', 1, '1'),
(328, 'f653b42e', 1, '1'),
(329, '169bb32e', 1, '1'),
(330, 'e614bb2e', 1, '1'),
(331, '664db22e', 1, '1'),
(332, '068cb42e', 1, '1'),
(333, 'c68bba2e', 1, '1'),
(334, '164fb42e', 1, '1'),
(335, '4639bd2e', 1, '1'),
(336, '768dbb2e', 1, '1'),
(337, 'b6d9b52e', 1, '1'),
(338, 'd683bb2e', 1, '1'),
(339, '1646b52e', 1, '1'),
(340, '8628be2e', 1, '1'),
(341, '6636b72e', 1, '1'),
(342, '0659be2e', 1, '1'),
(343, '86d0be2e', 1, '1'),
(344, '26cfb22e', 1, '1'),
(345, '6622b62e', 1, '1'),
(346, '1699bc2e', 1, '1'),
(347, 'c64db32e', 1, '1'),
(348, 'b6bfbc2e', 1, '1'),
(349, 'a64ebc2e', 1, '1'),
(350, 'f6aab92e', 1, '1'),
(351, 'b679b82e', 1, '1'),
(352, '764fb52e', 1, '1'),
(353, '16b0b62e', 1, '1'),
(354, '4615be2e', 1, '1'),
(355, '06b4b52e', 1, '1'),
(356, 'b66bb22e', 1, '1'),
(357, '169cb82e', 1, '1'),
(358, 'c66ebe2e', 1, '1'),
(359, 'c629bb2e', 1, '1'),
(360, '162eb32e', 1, '1'),
(361, 'f6abb62e', 1, '1'),
(362, '96b8b52e', 1, '1'),
(363, 'f6fcb92e', 1, '1'),
(364, '16f8b92e', 1, '1'),
(365, 'd6d1be2e', 1, '1'),
(366, 'c6f4b42e', 1, '1'),
(367, 'e631bb2e', 1, '1'),
(368, '06cfb52e', 1, '1'),
(369, 'd6e6b92e', 1, '1'),
(370, 'd6e2b62e', 1, '1'),
(371, 'a6bab42e', 1, '1'),
(372, '7674bb2e', 1, '1'),
(373, '760bb42e', 1, '1'),
(374, 'd65aba2e', 1, '1'),
(375, '0649ba2e', 1, '1'),
(376, '46f7bc2e', 1, '1'),
(377, '2671bb2e', 1, '1'),
(378, '061cb22e', 1, '1'),
(379, '36f4b22e', 1, '1'),
(380, '1639b52e', 1, '1'),
(381, '06a2bb2e', 1, '1'),
(382, 'f699bd2e', 1, '1'),
(383, '1638b22e', 1, '1'),
(384, '36d5b52e', 1, '1'),
(385, '9630b92e', 1, '1'),
(386, 'b6febe2e', 1, '1'),
(387, '460cbd2e', 1, '1'),
(388, '56c5b92e', 1, '1'),
(389, '464bb42e', 1, '1'),
(390, 'c605bf2e', 1, '1'),
(391, '06edb22e', 1, '1'),
(392, '96acb82e', 1, '1'),
(393, 'c625b32e', 1, '1'),
(394, '061db22e', 1, '1'),
(395, '7656b22e', 1, '1'),
(396, '7695bc2e', 1, '1'),
(397, '56d6b82e', 1, '1'),
(398, '469db12e', 1, '1'),
(399, 'f675b42e', 1, '1'),
(400, '561eb32e', 1, '1'),
(401, '66febb2e', 1, '1'),
(402, 'd6ffba2e', 1, '1'),
(403, '36d6b92e', 1, '1'),
(404, '363db82e', 1, '1'),
(405, '0642b82e', 1, '1'),
(406, 'f642b22e', 1, '1'),
(407, 'a628bb2e', 1, '1'),
(408, 'f6acb22e', 1, '1'),
(409, '5629b92e', 1, '1'),
(410, 'f68ab62e', 1, '1'),
(411, '167ab62e', 1, '1'),
(412, 'a6b4bc2e', 1, '1'),
(413, 'a6daba2e', 1, '1'),
(414, 'd6e1b72e', 1, '1'),
(415, '8607bc2e', 1, '1'),
(416, '36d9b32e', 1, '1'),
(417, '463bb32e', 1, '1'),
(418, '66c2ba2e', 1, '1'),
(419, '4635b42e', 1, '1'),
(420, '0677b12e', 1, '1'),
(421, '168fba2e', 1, '1'),
(422, 'e6e1b42e', 1, '1'),
(423, 'd6e8b42e', 1, '1'),
(424, '96f2b32e', 1, '1'),
(425, '0630b62e', 1, '1'),
(426, '6696bd2e', 1, '1'),
(427, '7649be2e', 1, '1'),
(428, 'b6f9b62e', 1, '1'),
(429, '367fbd2e', 1, '1'),
(430, '56ebb62e', 1, '1'),
(431, '467bbd2e', 1, '1'),
(432, 'c60fb32e', 1, '1'),
(433, 'a697b22e', 1, '1'),
(434, '7621be2e', 1, '1'),
(435, '56b0b92e', 1, '1'),
(436, '765ab92e', 1, '1'),
(437, '866dbb2e', 1, '1'),
(438, 'f638b32e', 1, '1'),
(439, 'b6e1b82e', 1, '1'),
(440, '464ebc2e', 1, '1'),
(441, '167eb32e', 1, '1'),
(442, 'd694b12e', 1, '1'),
(443, '66f6be2e', 1, '1'),
(444, '668cb22e', 1, '1'),
(445, 'd62cbe2e', 1, '1'),
(446, '769fb72e', 1, '1'),
(447, 'b636b82e', 1, '1'),
(448, 'b6b2b72e', 1, '1'),
(449, '56b6b82e', 1, '1'),
(450, '469fb72e', 1, '1'),
(451, 'd6b3bc2e', 1, '1'),
(452, 'c6bdb72e', 1, '1'),
(453, '56e9b22e', 1, '1'),
(454, '8689b12e', 1, '1'),
(455, '8684b92e', 1, '1'),
(456, '66c8b12e', 1, '1'),
(457, '06e8b92e', 1, '1'),
(458, '56f4bb2e', 1, '1'),
(459, 'e62ab22e', 1, '1'),
(460, 'b682b12e', 1, '1'),
(461, '266db92e', 1, '1'),
(462, '7619bb2e', 1, '1'),
(463, 'a657bc2e', 1, '1'),
(464, 'e6f3b82e', 1, '1'),
(465, '56a9bc2e', 1, '1'),
(466, '7675ba2e', 1, '1'),
(467, 'e645bd2e', 1, '1'),
(468, 'a6ecb52e', 1, '1'),
(469, '66b2be2e', 1, '1'),
(470, '068abd2e', 1, '1'),
(471, 'c6a7ba2e', 1, '1'),
(472, '96f0b52e', 1, '1'),
(473, '86f3b82e', 1, '1'),
(474, '26fbb22e', 1, '1'),
(475, '96b4bc2e', 1, '1'),
(476, '269dbd2e', 1, '1'),
(477, '8679b62e', 1, '1'),
(478, '362abd2e', 1, '1'),
(479, '86dbbe2e', 1, '1'),
(480, 'e649b82e', 1, '1'),
(481, 'b673ba2e', 1, '1'),
(482, 'c609ba2e', 1, '1'),
(483, 'f624b52e', 1, '1'),
(484, 'e6c3b72e', 1, '1'),
(485, '564ab82e', 1, '1'),
(486, '16fcba2e', 1, '1'),
(487, '26beb72e', 1, '1'),
(488, '76cbbb2e', 1, '1'),
(489, '5698bd2e', 1, '1'),
(490, '364bbb2e', 1, '1'),
(491, '7600b22e', 1, '1'),
(492, '86c3bc2e', 1, '1'),
(493, '8692b72e', 1, '1'),
(494, '366bb52e', 1, '1'),
(495, '1675b32e', 1, '1'),
(496, '665fb62e', 1, '1'),
(497, '568cb22e', 1, '1'),
(498, 'f6c7b82e', 1, '1'),
(499, '2666bc2e', 1, '1'),
(500, 'd622b32e', 1, '1'),
(501, 'e6bdbb2e', 1, '1'),
(502, 'f682b32e', 1, '1'),
(503, '76b7b62e', 1, '1'),
(504, 'b627ba2e', 1, '1'),
(505, '16c4b52e', 1, '1'),
(506, '367eb82e', 1, '1'),
(507, '36ccb82e', 1, '1'),
(508, 'c6d9be2e', 1, '1'),
(509, '9605bd2e', 1, '1'),
(510, '1600bf2e', 1, '1'),
(511, 'a63fbd2e', 1, '1'),
(512, '56d0b42e', 1, '1'),
(513, '966ebe2e', 1, '1'),
(514, '1629ba2e', 1, '1'),
(515, 'b678b42e', 1, '1'),
(516, 'e684b82e', 1, '1'),
(517, '56e1bc2e', 1, '1'),
(518, '569fb22e', 1, '1'),
(519, '6665b72e', 1, '1'),
(520, 'f635b52e', 1, '1'),
(521, '06aab12e', 1, '1'),
(522, '3627b22e', 1, '1'),
(523, '0629b62e', 1, '1'),
(524, '86a6b52e', 1, '1'),
(525, '86f7b82e', 1, '1'),
(526, 'b646bd2e', 1, '1'),
(527, 'd693b82e', 1, '1'),
(528, '7612bc2e', 1, '1'),
(529, '06ecb12e', 1, '1'),
(530, 'f6bcb42e', 1, '1'),
(531, '767db12e', 1, '1'),
(532, '86b7bb2e', 1, '1'),
(533, '1624b22e', 1, '1'),
(534, 'a6e0b92e', 1, '1'),
(535, '8624b62e', 1, '1'),
(536, 'd605b72e', 1, '1'),
(537, 'a40afebe', 1, '1'),
(538, '46e3b52e', 1, '1'),
(539, '96c5bd2e', 1, '1'),
(540, '5658be2e', 1, '1'),
(541, 'b6bdb12e', 1, '1'),
(542, '76debe2e', 1, '1'),
(543, 'd644b62e', 1, '1'),
(544, '96abbb2e', 1, '1'),
(545, '3636bc2e', 1, '1'),
(546, 'b67abb2e', 1, '1'),
(547, 'e660bb2e', 1, '1'),
(548, 'f6c8b52e', 1, '1'),
(549, 'b6bebe2e', 1, '1'),
(550, 'a629b72e', 1, '1'),
(551, '8616bd2e', 1, '1'),
(552, '8671b12e', 1, '1'),
(553, 'a6a7b62e', 1, '1'),
(554, '860bb92e', 1, '1'),
(555, '34e8f7be', 1, '1'),
(556, '2676b42e', 1, '1'),
(557, '76c4b22e', 1, '1'),
(558, '5672bd2e', 1, '1'),
(559, '7691be2e', 1, '1'),
(560, '06fdbe2e', 1, '1'),
(561, '96a8ba2e', 1, '1'),
(562, 'a6aeb92e', 1, '1'),
(563, '0640b32e', 1, '1'),
(564, '8622bd2e', 1, '1'),
(565, '466cb12e', 1, '1'),
(566, '96daba2e', 1, '1'),
(567, '8610b32e', 1, '1'),
(568, '666ebc2e', 1, '1'),
(569, '8621bc2e', 1, '1'),
(570, '0626bb2e', 1, '1'),
(571, '468bb42e', 1, '1'),
(572, '0624b52e', 1, '1'),
(573, 'a60cbd2e', 1, '1'),
(574, '26fdb72e', 1, '1'),
(575, '9636b82e', 1, '1'),
(576, '068ab72e', 1, '1'),
(577, '56a0b92e', 1, '1'),
(578, '56a0b92e', 1, '1'),
(579, '6625b92e', 1, '1'),
(580, 'a6a7b82e', 1, '1'),
(581, 'a6aeb52e', 1, '1'),
(582, 'd6eeb52e', 1, '1'),
(583, '66d7bd2e', 1, '1'),
(584, '76efbd2e', 1, '1'),
(585, '9687ba2e', 1, '1'),
(586, '66beb32e', 1, '1'),
(587, '96a3b72e', 1, '1'),
(588, 'b637ba2e', 1, '1'),
(589, '36bcb82e', 1, '1'),
(590, '1681b82e', 1, '1'),
(591, '96e2b82e', 1, '1'),
(592, '4602b72e', 1, '1'),
(593, 'a6d3bd2e', 1, '1'),
(594, '36f4b12e', 1, '1'),
(595, '56ceb92e', 1, '1'),
(596, '4657b52e', 1, '1'),
(597, '264eb32e', 1, '1'),
(598, 'b615b32e', 1, '1'),
(599, '060cb32e', 1, '1'),
(600, '0626b22e', 1, '1'),
(601, '56a6bc2e', 1, '1'),
(602, '36b3b12e', 1, '1'),
(603, '16eeb72e', 1, '1'),
(604, '7614b72e', 1, '1'),
(605, 'b6bdbd2e', 1, '1'),
(606, '46b4b82e', 1, '1'),
(607, '26f6be2e', 1, '1'),
(608, '5634b52e', 1, '1'),
(609, 'd698b22e', 1, '1'),
(610, 'c6b1b32e', 1, '1'),
(611, '56d2b62e', 1, '1'),
(612, '0667b52e', 1, '1'),
(613, '3610be2e', 1, '1'),
(614, 'b6fab22e', 1, '1'),
(615, 'b689ba2e', 1, '1'),
(616, 'b6e7b82e', 1, '1'),
(617, 'e6c9b62e', 1, '1'),
(618, 'f6e7b22e', 1, '1'),
(619, '4670bc2e', 1, '1'),
(620, 'c65fbc2e', 1, '1'),
(621, '76c9b62e', 1, '1'),
(622, '36ddb32e', 1, '1'),
(623, 'c643bc2e', 1, '1'),
(624, '664bb22e', 1, '1'),
(625, '966cb92e', 1, '1'),
(626, 'd680ba2e', 1, '1'),
(627, '9674b22e', 1, '1'),
(628, '56e5b92e', 1, '1'),
(629, '56b4bc2e', 1, '1'),
(630, '3614b52e', 1, '1'),
(631, 'b6f3b52e', 1, '1'),
(632, '860ebe2e', 1, '1'),
(633, '06b8be2e', 1, '1'),
(634, '76cfba2e', 1, '1'),
(635, '163fb32e', 1, '1'),
(636, '26b0bb2e', 1, '1'),
(637, 'a6b2b12e', 1, '1'),
(638, 'e6d1b42e', 1, '1'),
(639, 'f6a2b62e', 1, '1'),
(640, '0694ba2e', 1, '1'),
(641, 'e6eabd2e', 1, '1'),
(642, 'f62bb32e', 1, '1'),
(643, '768fba2e', 1, '1'),
(644, '26c2bc2e', 1, '1'),
(645, 'f67ebb2e', 1, '1'),
(646, '36bab42e', 1, '1'),
(647, 'f64ab92e', 1, '1'),
(648, '0696bd2e', 1, '1'),
(649, '5638bb2e', 1, '1'),
(650, 'c65aba2e', 1, '1'),
(651, 'c62fb62e', 1, '1'),
(652, '666eb32e', 1, '1'),
(653, 'e6dfba2e', 1, '1'),
(654, 'e683b52e', 1, '1'),
(655, '4602b32e', 1, '1'),
(656, 'c6d6b12e', 1, '1'),
(657, '1608bb2e', 1, '1'),
(658, 'b681bd2e', 1, '1'),
(659, '068db62e', 1, '1'),
(660, '961cb42e', 1, '1'),
(661, 'e6f7b42e', 1, '1'),
(662, 'b683b32e', 1, '1'),
(663, '2667b52e', 1, '1'),
(664, '061cb32e', 1, '1'),
(665, 'c6d7be2e', 1, '1'),
(666, 'f60fbe2e', 1, '1'),
(667, 'c6bfb92e', 1, '1'),
(668, '4656b22e', 1, '1'),
(669, '6699bd2e', 1, '1'),
(670, '96ceb92e', 1, '1'),
(671, 'e663b92e', 1, '1'),
(672, '06f3b82e', 1, '1'),
(673, '86c6bb2e', 1, '1'),
(674, '46bcbb2e', 1, '1'),
(675, '26e3b92e', 1, '1'),
(676, '5662bb2e', 1, '1'),
(677, 'd6e6b12e', 1, '1'),
(678, '4686bd2e', 1, '1'),
(679, 'f61ebd2e', 1, '1'),
(680, 'a64eb32e', 1, '1'),
(681, 'a63eb52e', 1, '1'),
(682, 'c62fbb2e', 1, '1'),
(683, 'e63db42e', 1, '1'),
(684, '86a3ba2e', 1, '1'),
(685, '26c8b72e', 1, '1'),
(686, '6674b82e', 1, '1'),
(687, '36ddb12e', 1, '1'),
(688, 'a69bb12e', 1, '1'),
(689, 'd657b62e', 1, '1'),
(690, '8650bd2e', 1, '1'),
(691, '26eeb32e', 1, '1'),
(692, '767cb62e', 1, '1'),
(693, '3605bd2e', 1, '1'),
(694, 'c61cb32e', 1, '1'),
(695, 'c63db62e', 1, '1'),
(696, 'd672bb2e', 1, '1'),
(697, '0612b52e', 1, '1'),
(698, '76f6b42e', 1, '1'),
(699, '869fb82e', 1, '1'),
(700, '6626b72e', 1, '1'),
(701, '1622b22e', 1, '1'),
(702, '06efb22e', 1, '1'),
(703, '06d1b62e', 1, '1'),
(704, '36d8ba2e', 1, '1'),
(705, 'f61fb82e', 1, '1'),
(706, '862dbe2e', 1, '1'),
(707, 'c6abb72e', 1, '1'),
(708, '566db12e', 1, '1'),
(709, '46ccbe2e', 1, '1'),
(710, 'f6efb42e', 1, '1'),
(711, '16eebc2e', 1, '1'),
(712, '76acb22e', 1, '1'),
(713, '365fb72e', 1, '1'),
(714, '36d0be2e', 1, '1'),
(715, 'e685bd2e', 1, '1'),
(716, 'f64abc2e', 1, '1'),
(717, '26d5b72e', 1, '1'),
(718, 'b6aabd2e', 1, '1'),
(719, '44fdfbbe', 1, '1'),
(720, 'e680bd2e', 1, '1'),
(721, 'd6bcb42e', 1, '1'),
(722, '76a5b32e', 1, '1'),
(723, 'a62ebc2e', 1, '1'),
(724, '6614b62e', 1, '1'),
(725, '2682b52e', 1, '1'),
(726, 'd6f6bd2e', 1, '1'),
(727, '9613b92e', 1, '1'),
(728, '6614b42e', 1, '1'),
(729, 'e618b32e', 1, '1'),
(730, '8626bd2e', 1, '1'),
(731, 'd6a4b12e', 1, '1'),
(732, '8681be2e', 1, '1'),
(733, '06a3b12e', 1, '1'),
(734, 'b612ba2e', 1, '1'),
(735, '6614bc2e', 1, '1'),
(736, '366eb62e', 1, '1'),
(737, '96efb92e', 1, '1'),
(738, '26afb52e', 1, '1'),
(739, '5662b22e', 1, '1'),
(740, '96f1ba2e', 1, '1'),
(741, 'a6aeb42e', 1, '1'),
(742, '66dbbd2e', 1, '1'),
(743, 'd6ccb22e', 1, '1'),
(744, '26b2b82e', 1, '1'),
(745, '1672b62e', 1, '1'),
(746, '966cb82e', 1, '1'),
(747, 'a66cbd2e', 1, '1'),
(748, '66e4b32e', 1, '1'),
(749, '86fdb72e', 1, '1'),
(750, '362ab52e', 1, '1'),
(751, 'd671be2e', 1, '1'),
(752, 'e6e7b12e', 1, '1'),
(753, '269fbe2e', 1, '1'),
(754, '26d1bb2e', 1, '1'),
(755, 'a673b32e', 1, '1'),
(756, 'a6ddb82e', 1, '1'),
(757, 'a6e8b22e', 1, '1'),
(758, '4605ba2e', 1, '1'),
(759, '2656b62e', 1, '1'),
(760, '646a50eb', 1, '1'),
(761, 'b64cb92e', 1, '1'),
(762, '169bb82e', 1, '1'),
(763, '56bdbd2e', 1, '1'),
(764, 'a60ab22e', 1, '1'),
(765, '366eb82e', 1, '1'),
(766, '667ebb2e', 1, '1'),
(767, '1654bc2e', 1, '1'),
(768, '06e0bc2e', 1, '1'),
(769, '5687ba2e', 1, '1'),
(770, '5663b72e', 1, '1'),
(771, '86bdb82e', 1, '1'),
(772, '7683b22e', 1, '1'),
(773, 'e6c7b62e', 1, '1'),
(774, '0679bc2e', 1, '1'),
(775, '76d4bd2e', 1, '1'),
(776, '56b4b32e', 1, '1'),
(777, 'f6c7be2e', 1, '1'),
(778, '4209e2d5', 1, '1'),
(779, '9686bd2e', 1, '1'),
(780, '76a9be2e', 1, '1'),
(781, '36ecb52e', 1, '1'),
(782, 'e6e3b62e', 1, '1'),
(783, 'd619b22e', 1, '1'),
(784, '262eb62e', 1, '1'),
(785, 'a640be2e', 1, '1'),
(786, '466dbc2e', 1, '1'),
(787, 'e6d6b82e', 1, '1'),
(788, '264ab52e', 1, '1'),
(789, '762cb32e', 1, '1'),
(790, '96a1b12e', 1, '1'),
(791, '26bab32e', 1, '1'),
(792, '76a9b32e', 1, '1'),
(793, 'd658bd2e', 1, '1'),
(794, '0695b72e', 1, '1'),
(795, 'e6f0b32e', 1, '1'),
(796, 'c61bbc2e', 1, '1'),
(797, 'd6b7bc2e', 1, '1'),
(798, 'e64cbb2e', 1, '1'),
(799, 'c68fb12e', 1, '1'),
(800, '66a4b52e', 1, '1'),
(801, 'd6bdb62e', 1, '1'),
(802, 'a615b72e', 1, '1'),
(803, 'c66cb52e', 1, '1'),
(804, 'd6a4b72e', 1, '1'),
(805, '8624b32e', 1, '1'),
(806, '2656b32e', 1, '1'),
(807, 'a677ba2e', 1, '1'),
(808, 'b6f0bd2e', 1, '1'),
(809, '9686be2e', 1, '1'),
(810, '962cb32e', 1, '1'),
(811, '36e9b72e', 1, '1'),
(812, '96ddba2e', 1, '1'),
(813, '6621be2e', 1, '1'),
(814, 'f626bc2e', 1, '1'),
(815, '1608b92e', 1, '1'),
(816, '3667bd2e', 1, '1'),
(817, '0640be2e', 1, '1'),
(818, 'd600be2e', 1, '1'),
(819, 'd68dbd2e', 1, '1'),
(820, 'd614b72e', 1, '1'),
(821, '2628be2e', 1, '1'),
(822, '76b1b82e', 1, '1'),
(823, 'b605bc2e', 1, '1'),
(824, '961dbd2e', 1, '1'),
(825, '16f5b62e', 1, '1'),
(826, '66e3ba2e', 1, '1'),
(827, '06bab92e', 1, '1'),
(828, '6617b32e', 1, '1'),
(829, '56eab32e', 1, '1'),
(830, 'b675b62e', 1, '1'),
(831, 'f682b82e', 1, '1'),
(832, '4695ba2e', 1, '1'),
(833, 'b6ffb72e', 1, '1'),
(834, '5650b32e', 1, '1'),
(835, 'e63cb62e', 1, '1'),
(836, '2609b62e', 1, '1'),
(837, '3645b72e', 1, '1'),
(838, '16fdb42e', 1, '1'),
(839, 'f692b92e', 1, '1'),
(840, '46debb2e', 1, '1'),
(841, 'a69cbd2e', 1, '1'),
(842, '8657bb2e', 1, '1'),
(843, '067db72e', 1, '1'),
(844, 'b66cb42e', 1, '1'),
(845, 'f629b32e', 1, '1'),
(846, '2696b92e', 1, '1'),
(847, '9663bb2e', 1, '1'),
(848, 'f6f5b72e', 1, '1'),
(849, 'ec7fbe42', 1, '1'),
(850, '169cbd2e', 1, '1'),
(851, 'e672b52e', 1, '1'),
(852, '668eb72e', 1, '1'),
(853, '7602ba2e', 1, '1'),
(854, 'c6ccbe2e', 1, '1'),
(855, '9639b52e', 1, '1'),
(856, '36fabe2e', 1, '1'),
(857, '86c1bc2e', 1, '1'),
(858, '7609b32e', 1, '1'),
(859, '6646bc2e', 1, '1'),
(860, '1657ba2e', 1, '1'),
(861, '8652b92e', 1, '1'),
(862, 'a634be2e', 1, '1'),
(863, 'a672be2e', 1, '1'),
(864, 'f6e2b82e', 1, '1'),
(865, 'a612b42e', 1, '1'),
(866, '86d3b12e', 1, '1'),
(867, '3602b72e', 1, '1'),
(868, '46abbd2e', 1, '1'),
(869, '46e3b22e', 1, '1'),
(870, 'd670be2e', 1, '1'),
(871, 'c6a7b92e', 1, '1'),
(872, 'e628b72e', 1, '1'),
(873, 'e6cdb32e', 1, '1'),
(874, '86ffb82e', 1, '1'),
(875, 'e699b42e', 1, '1'),
(876, '8668bb2e', 1, '1'),
(877, 'd69abe2e', 1, '1'),
(878, '36bfb52e', 1, '1'),
(879, '863eb32e', 1, '1'),
(880, 'a6f9be2e', 1, '1'),
(881, '7679b42e', 1, '1'),
(882, '6619b42e', 1, '1'),
(883, 'c6c4bb2e', 1, '1'),
(884, 'e685b32e', 1, '1'),
(885, 'e698b22e', 1, '1'),
(886, '9646be2e', 1, '1'),
(887, 'f6fcb72e', 1, '1'),
(888, 'd66abe2e', 1, '1'),
(889, '06d8be2e', 1, '1'),
(890, 'a65bbe2e', 1, '1'),
(891, 'b6debb2e', 1, '1'),
(892, 'c6afb12e', 1, '1'),
(893, '36dbbb2e', 1, '1'),
(894, '26c4b72e', 1, '1'),
(895, 'c63fb22e', 1, '1'),
(896, '366aba2e', 1, '1'),
(897, '1601be2e', 1, '1'),
(898, '569dbe2e', 1, '1'),
(899, '86efbd2e', 1, '1'),
(900, 'f66cbe2e', 1, '1'),
(901, '76acb82e', 1, '1'),
(902, 'd61bb72e', 1, '1'),
(903, '6656be2e', 1, '1'),
(904, '0615b22e', 1, '1'),
(905, '16afb82e', 1, '1'),
(906, '762fb82e', 1, '1'),
(907, 'e629b92e', 1, '1'),
(908, '86feb42e', 1, '1'),
(909, '166eba2e', 1, '1'),
(910, 'd6a7ba2e', 1, '1'),
(911, 'e626b32e', 1, '1'),
(912, '6619b32e', 1, '1'),
(913, 'f620bc2e', 1, '1'),
(914, '1600b92e', 1, '1'),
(915, '0608b82e', 1, '1'),
(916, '16d8ba2e', 1, '1'),
(917, '6620b22e', 1, '1'),
(918, 'e66db72e', 1, '1'),
(919, '5695b52e', 1, '1'),
(920, '16e4bb2e', 1, '1'),
(921, '1658b72e', 1, '1'),
(922, 'b60db42e', 1, '1'),
(923, '46b1bc2e', 1, '1'),
(924, 'a6fcbc2e', 1, '1'),
(925, '7676b42e', 1, '1'),
(926, '760fb42e', 1, '1'),
(927, '36bcbc2e', 1, '1'),
(928, 'a64ab32e', 1, '1'),
(929, '26b3bd2e', 1, '1'),
(930, 'b674b92e', 1, '1'),
(931, '26e9b42e', 1, '1'),
(932, 'c61dbc2e', 1, '1'),
(933, '76e3ba2e', 1, '1'),
(934, '066bb52e', 1, '1'),
(935, 'b6f4b92e', 1, '1'),
(936, '16e4b52e', 1, '1'),
(937, '4640be2e', 1, '1'),
(938, '7665bb2e', 1, '1'),
(939, '56c4b92e', 1, '1'),
(940, 'f682b12e', 1, '1'),
(941, '7685bc2e', 1, '1'),
(942, 'e690ba2e', 1, '1'),
(943, '16c4b92e', 1, '1'),
(944, 'c630bd2e', 1, '1'),
(945, '46e5b42e', 1, '1'),
(946, 'f6b8b42e', 1, '1'),
(947, '5611bc2e', 1, '1'),
(948, 'f621b32e', 1, '1'),
(949, 'a674b12e', 1, '1'),
(950, '66debb2e', 1, '1'),
(951, '26ecbc2e', 1, '1'),
(952, 'f6f3bb2e', 1, '1'),
(953, 'c650b22e', 1, '1'),
(954, 'b6e4b42e', 1, '1'),
(955, 'd6c9b32e', 1, '1'),
(956, '86cfb32e', 1, '1'),
(957, 'd69db72e', 1, '1'),
(958, '2673bc2e', 1, '1'),
(959, '06e3b22e', 1, '1'),
(960, 'c687bb2e', 1, '1'),
(961, 'd6b7b82e', 1, '1'),
(962, '7624b62e', 1, '1'),
(963, 'd6cfb52e', 1, '1'),
(964, '563abd2e', 1, '1'),
(965, '7686b12e', 1, '1'),
(966, '86d9b62e', 1, '1'),
(967, '36a2be2e', 1, '1'),
(968, 'b6b6ba2e', 1, '1'),
(969, '5654b82e', 1, '1'),
(970, '16e1bd2e', 1, '1'),
(971, 'f67ab22e', 1, '1'),
(972, 'f6b5b12e', 1, '1'),
(973, 'e631b52e', 1, '1'),
(974, 'e62bbb2e', 1, '1'),
(975, '2681b12e', 1, '1'),
(976, '6682b32e', 1, '1'),
(977, 'c614b92e', 1, '1'),
(978, '16b9b92e', 1, '1'),
(979, '56b8bd2e', 1, '1'),
(980, 'e61ab92e', 1, '1'),
(981, '36d5ba2e', 1, '1'),
(982, 'a66eb42e', 1, '1'),
(983, '26f9ba2e', 1, '1'),
(984, 'b69fbb2e', 1, '1'),
(985, '9686b82e', 1, '1'),
(986, '46f0b62e', 1, '1'),
(987, 'c6b0b42e', 1, '1'),
(988, 'd6d2b12e', 1, '1'),
(989, '0639b52e', 1, '1'),
(990, 'd665b52e', 1, '1'),
(992, '66acbd2e', 1, '1'),
(993, '0667bc2e', 1, '1'),
(994, 'c627be2e', 1, '1'),
(995, 'c6ecb22e', 1, '1'),
(996, 'd67eb92e', 1, '1'),
(997, '96c1be2e', 1, '1'),
(998, 'a610bd2e', 1, '1'),
(999, '067dbb2e', 1, '1'),
(1000, '56c6b72e', 1, '1'),
(1001, '3618b92e', 1, '1'),
(1002, 'a618be2e', 1, '1'),
(1003, '960fba2e', 1, '1'),
(1004, 'e604bf2e', 1, '1'),
(1005, '065abb2e', 1, '1'),
(1006, '36c1b82e', 1, '1'),
(1007, 'd67abc2e', 1, '1'),
(1008, '463eba2e', 1, '1'),
(1009, '4693b62e', 1, '1'),
(1010, 'c6dbb42e', 1, '1'),
(1011, '9694b72e', 1, '1'),
(1012, '6662be2e', 1, '1'),
(1013, '0623bd2e', 1, '1'),
(1014, 'e62db82e', 1, '1'),
(1015, '56d5bb2e', 1, '1'),
(1016, '3684bb2e', 1, '1'),
(1017, '16a2b62e', 1, '1'),
(1018, '6601bb2e', 1, '1'),
(1019, 'c6a2bb2e', 1, '1'),
(1020, '8628bd2e', 1, '1'),
(1021, '96bab42e', 1, '1'),
(1022, 'c624b72e', 1, '1'),
(1023, '76e2be2e', 1, '1'),
(1024, '26a9ba2e', 1, '1'),
(1025, 'd6eebd2e', 1, '1'),
(1026, '46dfb22e', 1, '1'),
(1027, 'c630be2e', 1, '1'),
(1028, 'e68fb42e', 1, '1'),
(1029, '46a3b22e', 1, '1'),
(1030, 'b612bd2e', 1, '1'),
(1031, 'f675b62e', 1, '1'),
(1032, 'c6b9bb2e', 1, '1'),
(1033, '76f1b32e', 1, '1'),
(1034, '965eb52e', 1, '1'),
(1035, '66b4b12e', 1, '1'),
(1036, '1673b92e', 1, '1'),
(1037, 'a66fb52e', 1, '1'),
(1038, '3697b72e', 1, '1'),
(1039, '7614b52e', 1, '1'),
(1040, '56daba2e', 1, '1'),
(1041, 'f6c2bb2e', 1, '1'),
(1042, '9614b32e', 1, '1'),
(1043, '468fb42e', 1, '1'),
(1044, 'f60ebb2e', 1, '1'),
(1045, '16c1ba2e', 1, '1'),
(1046, 'a6b5b92e', 1, '1'),
(1047, 'b6b2b12e', 1, '1'),
(1048, 'b6a1b22e', 1, '1'),
(1049, 'b605b82e', 1, '1'),
(1050, '2668b22e', 1, '1'),
(1051, '06b7b62e', 1, '1'),
(1052, '16a3b62e', 1, '1'),
(1053, '36fab42e', 1, '1'),
(1054, '4612b52e', 1, '1'),
(1055, 'f699ba2e', 1, '1'),
(1056, '169cba2e', 1, '1'),
(1057, 'c6c0b22e', 1, '1'),
(1058, '66ddb42e', 1, '1'),
(1059, '661ab62e', 1, '1'),
(1060, 'a60ab92e', 1, '1'),
(1061, '0674b12e', 1, '1'),
(1062, '16a9b72e', 1, '1'),
(1063, 'a6b7bc2e', 1, '1'),
(1064, '067eb32e', 1, '1'),
(1065, 'c665b92e', 1, '1'),
(1066, '1627be2e', 1, '1'),
(1067, '06abb42e', 1, '1'),
(1068, '46a4b72e', 1, '1'),
(1069, 'f68db22e', 1, '1'),
(1070, '06cdb12e', 1, '1'),
(1071, '665dbe2e', 1, '1'),
(1072, '26c6b42e', 1, '1'),
(1073, '8683b22e', 1, '1'),
(1074, '560bbc2e', 1, '1'),
(1075, '3699bd2e', 1, '1'),
(1076, 'c6e2ba2e', 1, '1'),
(1077, '668cb32e', 1, '1'),
(1078, '6652bd2e', 1, '1'),
(1079, '66dab42e', 1, '1'),
(1080, '8669b22e', 1, '1'),
(1081, '7601b52e', 1, '1'),
(1082, '26fcb22e', 1, '1'),
(1083, '767fbe2e', 1, '1'),
(1084, 'a686bc2e', 1, '1'),
(1085, 'c6d5bd2e', 1, '1'),
(1086, 'f6f3b32e', 1, '1'),
(1087, 'e6c2b52e', 1, '1'),
(1088, 'b672b22e', 1, '1'),
(1089, '961cbd2e', 1, '1'),
(1090, 'f62ebd2e', 1, '1'),
(1091, '4668be2e', 1, '1'),
(1092, '26e0b32e', 1, '1'),
(1093, '0623bb2e', 1, '1'),
(1094, '8689b62e', 1, '1'),
(1095, '16f8b12e', 1, '1'),
(1096, '66ecb22e', 1, '1'),
(1097, '16b2b92e', 1, '1'),
(1098, 'd68eb42e', 1, '1'),
(1099, '0603b92e', 1, '1'),
(1100, 'f6f7b72e', 1, '1'),
(1101, 'a6f0b82e', 1, '1'),
(1102, 'c62cbd2e', 1, '1'),
(1103, '0655b32e', 1, '1'),
(1104, '96ceb12e', 1, '1'),
(1105, 'c613bd2e', 1, '1'),
(1106, 'f69fb82e', 1, '1'),
(1107, '767ebe2e', 1, '1'),
(1108, '963bbd2e', 1, '1'),
(1109, '8678be2e', 1, '1'),
(1110, '3687b22e', 1, '1'),
(1111, '467fb22e', 1, '1'),
(1112, 'e6eeb22e', 1, '1'),
(1113, '1682bb2e', 1, '1'),
(1114, '96afb62e', 1, '1'),
(1115, 'c623bd2e', 1, '1'),
(1116, 'e6cdbd2e', 1, '1'),
(1117, '96dab42e', 1, '1'),
(1118, 'b62dbd2e', 1, '1'),
(1119, '96a4b32e', 1, '1'),
(1120, '968ab12e', 1, '1'),
(1121, '6652b22e', 1, '1'),
(1122, 'c691b12e', 1, '1'),
(1123, 'b675b72e', 1, '1'),
(1124, 'd600b52e', 1, '1'),
(1125, 'a6e7b52e', 1, '1'),
(1126, '833de0d5', 1, '1'),
(1127, 'e6edb32e', 1, '1'),
(1128, '26b2b82e', 1, '1'),
(1129, '7614b52e', 1, '1'),
(1130, 'a6f0b82e', 1, '1'),
(1131, '061cb22e', 1, '1'),
(1132, 'a6bab42e', 1, '1'),
(1133, '76b7b92e', 1, '1'),
(1134, '56ebb62e', 1, '1'),
(1135, 'f638b32e', 1, '1'),
(1136, 'f638b32e', 1, '1'),
(1137, '46debb2e', 1, '1'),
(1138, '56d3b82e', 1, '1'),
(1139, '833de0d5', 1, '1'),
(1140, 'b666b32e', 1, '1'),
(1141, 'd6cebd2e', 1, '1'),
(1142, '16d4b52e', 1, '1'),
(1143, '16e1b62e', 1, '1'),
(1144, 'a615bd2e', 1, '1'),
(1145, 'e634ba2e', 1, '1'),
(1146, '661fb52e', 1, '1'),
(1147, '5682bc2e', 1, '1'),
(1148, '667fbb2e', 1, '1'),
(1149, 'a628b42e', 1, '1'),
(1150, '168fb52e', 1, '1'),
(1151, 'c6bbbb2e', 1, '1'),
(1152, 'e628bd2e', 1, '1'),
(1153, 'e6afb52e', 1, '1'),
(1154, '16f2bd2e', 1, '1'),
(1155, '9665b42e', 1, '1'),
(1156, '36c4b42e', 1, '1'),
(1157, '263fb42e', 1, '1'),
(1158, '1654b22e', 1, '1'),
(1159, 'd696b72e', 1, '1'),
(1160, '46b3b92e', 1, '1'),
(1161, '5601bc2e', 1, '1'),
(1162, 'a61bb82e', 1, '1'),
(1163, '8629b92e', 1, '1'),
(1164, '1600b22e', 1, '1'),
(1165, 'c6aebc2e', 1, '1'),
(1166, '861cb42e', 1, '1'),
(1167, '969cb52e', 1, '1'),
(1168, '669cba2e', 1, '1'),
(1169, '66fab92e', 1, '1'),
(1170, '36b8b22e', 1, '1'),
(1171, '0651b52e', 1, '1'),
(1172, 'c6dbb32e', 1, '1'),
(1173, '2611b72e', 1, '1'),
(1174, '6615b72e', 1, '1'),
(1175, '46eab72e', 1, '1'),
(1176, '0688b82e', 1, '1'),
(1177, '966cb52e', 1, '1'),
(1178, 'd695bb2e', 1, '1'),
(1179, '16a6b52e', 1, '1'),
(1180, '6688be2e', 1, '1'),
(1181, '56a0be2e', 1, '1'),
(1182, 'f62eb72e', 1, '1'),
(1183, 'b673b42e', 1, '1'),
(1184, 'd669b42e', 1, '1'),
(1185, '865bb42e', 1, '1'),
(1186, '06ceb32e', 1, '1'),
(1187, '06d9b32e', 1, '1'),
(1188, 'd641ba2e', 1, '1'),
(1189, 'c6a4b62e', 1, '1'),
(1190, 'f60fb82e', 1, '1'),
(1191, 'a604bb2e', 1, '1'),
(1192, '168db22e', 1, '1'),
(1193, '46abb92e', 1, '1'),
(1194, '8605be2e', 1, '1'),
(1195, 'e670ba2e', 1, '1'),
(1196, '46b4bd2e', 1, '1'),
(1197, '968bbc2e', 1, '1'),
(1198, 'c6aab92e', 1, '1'),
(1199, '7674b22e', 1, '1'),
(1200, '76c4bd2e', 1, '1'),
(1201, '867fba2e', 1, '1'),
(1202, 'd686ba2e', 1, '1'),
(1203, '066eb62e', 1, '1'),
(1204, '96c7b72e', 1, '1'),
(1205, 'f691b62e', 1, '1'),
(1206, '96f7be2e', 1, '1'),
(1207, '4677bc2e', 1, '1'),
(1208, '26a7b52e', 1, '1'),
(1209, '660bb42e', 1, '1'),
(1210, '86d0b32e', 1, '1'),
(1211, '467bb92e', 1, '1'),
(1212, '963bb92e', 1, '1'),
(1213, '060cbb2e', 1, '1'),
(1214, '46dfb42e', 1, '1'),
(1215, 'a6cfb22e', 1, '1'),
(1216, '56abb22e', 1, '1'),
(1217, 'a60bbb2e', 1, '1'),
(1218, '467ebe2e', 1, '1'),
(1219, '16c7be2e', 1, '1'),
(1220, '062fba2e', 1, '1'),
(1221, 'b645b82e', 1, '1'),
(1222, '8664bd2e', 1, '1'),
(1223, 'd6feba2e', 1, '1'),
(1224, 'c60ab62e', 1, '1'),
(1225, '166cb22e', 1, '1'),
(1226, '96c0b82e', 1, '1'),
(1227, 'd627b42e', 1, '1'),
(1228, '9653be2e', 1, '1'),
(1229, '4671b62e', 1, '1'),
(1230, '46dbb12e', 1, '1'),
(1231, '36f9ba2e', 1, '1'),
(1232, 'f6dcb72e', 1, '1'),
(1233, '867ebd2e', 1, '1'),
(1234, 'd62bb92e', 1, '1'),
(1235, 'e619b22e', 1, '1'),
(1236, '962bbe2e', 1, '1'),
(1237, '86f8b12e', 1, '1'),
(1238, '76c3b52e', 1, '1'),
(1239, '96d9bc2e', 1, '1'),
(1240, 'a65eb72e', 1, '1'),
(1241, 'f608b62e', 1, '1'),
(1242, '76acbc2e', 1, '1'),
(1243, '1627b42e', 1, '1'),
(1244, '96acb42e', 1, '1'),
(1245, '462dbd2e', 1, '1'),
(1246, '36e9b42e', 1, '1'),
(1247, '9664b52e', 1, '1'),
(1248, '4672b22e', 1, '1'),
(1249, '6607b82e', 1, '1'),
(1250, '86dabc2e', 1, '1'),
(1251, '4687b12e', 1, '1'),
(1252, '9643b22e', 1, '1'),
(1253, 'a6dcb22e', 1, '1'),
(1254, 'b619bd2e', 1, '1'),
(1255, 'd689bb2e', 1, '1'),
(1256, 'c642bd2e', 1, '1'),
(1257, '9681bb2e', 1, '1'),
(1258, '861eb82e', 1, '1'),
(1259, '06ffbd2e', 1, '1'),
(1260, 'b686b22e', 1, '1'),
(1261, '3692b12e', 1, '1'),
(1262, 'a693bb2e', 1, '1'),
(1263, '666eb52e', 1, '1'),
(1264, 'a69eb52e', 1, '1'),
(1265, '96b0ba2e', 1, '1'),
(1266, '2618b52e', 1, '1'),
(1267, '6660b22e', 1, '1'),
(1268, '66fbb22e', 1, '1'),
(1269, 'e6d1ba2e', 1, '1'),
(1270, 'c65ab52e', 1, '1'),
(1271, 'a62ab62e', 1, '1'),
(1272, '86bdb42e', 1, '1'),
(1273, '66b2bb2e', 1, '1'),
(1274, 'b63fbd2e', 1, '1'),
(1275, '76b1b52e', 1, '1'),
(1276, '069cb52e', 1, '1'),
(1277, '061dbd2e', 1, '1'),
(1278, 'a63fb62e', 1, '1'),
(1279, '1649bd2e', 1, '1'),
(1280, '26adb62e', 1, '1'),
(1281, '8650b22e', 1, '1'),
(1282, 'd656b42e', 1, '1'),
(1283, '6651b92e', 1, '1'),
(1284, '766cb22e', 1, '1'),
(1285, '96bcbd2e', 1, '1'),
(1286, 'd680b22e', 1, '1'),
(1287, '9678b12e', 1, '1'),
(1288, 'd65fb62e', 1, '1'),
(1289, 'b61abd2e', 1, '1'),
(1290, '76efb82e', 1, '1'),
(1291, '96eeb92e', 1, '1'),
(1292, '2615bc2e', 1, '1'),
(1293, '26fbb32e', 1, '1'),
(1294, '4659bb2e', 1, '1'),
(1295, 'a66bb12e', 1, '1'),
(1296, 'a6e8b92e', 1, '1'),
(1297, '7678b32e', 1, '1'),
(1298, '869abd2e', 1, '1'),
(1299, '66bfb42e', 1, '1'),
(1300, 'f64dbb2e', 1, '1'),
(1301, '364db92e', 1, '1'),
(1302, '6674ba2e', 1, '1'),
(1303, '7622b52e', 1, '1'),
(1304, 'a6c2ba2e', 1, '1'),
(1305, 'd6e5b82e', 1, '1'),
(1306, 'b66db72e', 1, '1'),
(1307, 'a6dab12e', 1, '1'),
(1308, 'b615b22e', 1, '1'),
(1309, '0607bb2e', 1, '1'),
(1310, '0607bb2e', 1, '1'),
(1311, '16dbb72e', 1, '1'),
(1312, '46dab32e', 1, '1'),
(1313, 'd65bb52e', 1, '1'),
(1314, 'f652b32e', 1, '1'),
(1315, '96b6b42e', 1, '1'),
(1316, '1672bb2e', 1, '1'),
(1317, '46baba2e', 1, '1'),
(1318, 'f668bb2e', 1, '1'),
(1319, '66d0b32e', 1, '1'),
(1320, '9677bb2e', 1, '1'),
(1321, 'c63eb72e', 1, '1'),
(1322, '560cbc2e', 1, '1'),
(1323, 'd614bc2e', 1, '1'),
(1324, 'c6ecb12e', 1, '1'),
(1325, '46ecb52e', 1, '1'),
(1326, 'a643bc2e', 1, '1'),
(1327, '463db82e', 1, '1'),
(1328, 'a644b42e', 1, '1'),
(1329, '46dab32e', 1, '1'),
(1330, 'd65bb52e', 1, '1'),
(1331, '00FBA1A24E000104E0', 1, '1');

-- --------------------------------------------------------

--
-- Table structure for table `tbl_sec`
--

DROP TABLE IF EXISTS `tbl_sec`;
CREATE TABLE IF NOT EXISTS `tbl_sec` (
  `sec_id` int(11) NOT NULL AUTO_INCREMENT,
  `sec_details` varchar(45) DEFAULT 'qwert',
  `sec_active` int(11) DEFAULT NULL,
  PRIMARY KEY (`sec_id`),
  UNIQUE KEY `sec_id` (`sec_id`)
) ENGINE=InnoDB AUTO_INCREMENT=40 DEFAULT CHARSET=latin1;

--
-- Dumping data for table `tbl_sec`
--

INSERT INTO `tbl_sec` (`sec_id`, `sec_details`, `sec_active`) VALUES
(1, 'narra', 1),
(2, 'ipil', 1),
(3, 'Sampaloc', 1),
(4, 'Mulawin', 1),
(5, 'Yantoc', 1),
(7, 'qwert', 0),
(8, 'wqwqw', 0),
(9, 'trtrt', 0),
(10, 'ewewe', 0),
(11, 'fgfgf', 0),
(12, 'x', 0),
(13, 'xxxxx', 0),
(14, 'gdgdsg', 0),
(15, 'ST. THERESE OF THE CHILD JESUS', 1),
(16, 'ST. STEPHEN', 1),
(17, 'ST. ALOYSIUS GONZAGA', 1),
(18, 'ST. LORENZO RUIZ', 1),
(19, 'ST. PEDRO CALUNGSOD', 1),
(20, 'ST. CATHERINE', 1),
(21, 'ST. PETER', 1),
(22, 'ST. JAMES', 1),
(23, 'ST. THOMAS', 1),
(24, 'ST. MATTHEW', 1),
(25, 'ST. ANDREW', 1),
(26, 'ST. MARY', 1),
(27, 'ST. ELIZABETH', 1),
(28, 'ST. ANNE', 1),
(29, 'ST. VERONICA', 1),
(30, 'ISAIAH', 1),
(31, 'JEREMIAH', 1),
(32, 'HOSEA', 1),
(33, 'EZEKIEL', 1),
(34, 'DANIEL', 1),
(35, 'ST. ANTONINE', 1),
(36, 'ST. AUGUSTINE', 1),
(37, 'ST. IGNATIUS', 1),
(38, 'ST. DOMINIC', 1),
(39, 'ST. THOMAS AQUINAS', 1);

-- --------------------------------------------------------

--
-- Table structure for table `tbl_student_info`
--

DROP TABLE IF EXISTS `tbl_student_info`;
CREATE TABLE IF NOT EXISTS `tbl_student_info` (
  `stud_id` int(11) NOT NULL AUTO_INCREMENT,
  `stud_id_number` varchar(20) DEFAULT NULL,
  `stud_fn` varchar(25) DEFAULT NULL,
  `stud_mn` varchar(25) DEFAULT NULL,
  `stud_ln` varchar(25) DEFAULT NULL,
  `stud_parent_number` varchar(15) DEFAULT NULL,
  `stud_active` int(11) DEFAULT NULL,
  `yr_id` int(11) DEFAULT NULL,
  `sec_id` int(11) DEFAULT NULL,
  `rfid_id` varchar(30) DEFAULT NULL,
  `img` mediumblob,
  PRIMARY KEY (`stud_id`)
) ENGINE=InnoDB AUTO_INCREMENT=1181 DEFAULT CHARSET=latin1;

--
-- Dumping data for table `tbl_student_info`
--

INSERT INTO `tbl_student_info` (`stud_id`, `stud_id_number`, `stud_fn`, `stud_mn`, `stud_ln`, `stud_parent_number`, `stud_active`, `yr_id`, `sec_id`, `rfid_id`, `img`) VALUES
(1, '2011-00269-bt-0', 'John Paul', 'Dimaano', 'Belga', '', 1, 6, 2, '7', NULL),
(2, '2011-00111-bt-0', 'Mary Joyz', 'alejandrinox', 'Himayac', '09486489832', 0, 1, 1, '1', NULL),
(3, '2011-00270-bt-0', 'Peter', 'Pantastic', 'Parker', '09486489832', 1, 3, 5, '2', NULL),
(4, '2121', 'dsdasf', 'aa', 'fsdafdf', '09486489832', 0, 4, 2, '10', NULL),
(5, '2011-00280-BT-0', 'John Paul', 'Dimaano', 'Belga', '09486489832', 1, 2, 1, '8', NULL),
(6, '5678', 'Charmine', 'Rosete', 'Meimban', '09486489832', 1, 3, 4, '9', NULL),
(7, '1122', 'aa', 'bb', 'cc', '09486489832', 0, 2, 2, '3', NULL),
(8, '2011-0001', 'John Rey', 'Cumpleto', 'Abad', '09486489832', 1, 1, 1, '11', NULL),
(9, '00143', 'Aiza', 'C', 'Buensuceso', '09486489832', 1, 6, 2, '13', NULL),
(10, '10-19890004', 'Gemma', 'R', 'Yao', '09958598305', 1, 1, 1, '14', NULL),
(11, '2011-1010231', 'Mario', 'Murillo', 'Mendoza', '09486489832', 1, 2, 1, '15', NULL),
(13, '123112434', 'Romer', 'A.', 'Tangi', '09486489832', 1, 3, 4, '26', NULL),
(14, '2014-00381-BT-0', 'Nicole', 'Corpuz', 'Marquez', '09486489832', 1, 3, 1, '21', NULL),
(17, 'aa22', 'sss', 'dd', 'eee', '09486489832', 1, 3, 5, '31', NULL),
(18, '2012-00246-bt-0', 'Justine', 'Gio', 'Francisco', '09486489832', 1, 3, 3, '140', NULL),
(19, '104595090001', 'Charles Lester', 'G.', 'Adato', '09104879383', 1, 1, 15, '202', NULL),
(20, '418008180155', 'Mark Gio', 'G.', 'Alcuizar', '09434921490', 1, 1, 15, '203', NULL),
(21, '418040150264', 'Jephraim Elan', 'L.', 'Bondoc', '09498940540', 1, 1, 15, '204', NULL),
(22, '418040150265', 'Jezekiel Elan', 'L.', 'Bondoc', '09498940540', 1, 1, 15, '205', NULL),
(23, '104608090030', 'Marc Adriel', 'P.', 'Danan', '09179772210', 1, 1, 15, '206', NULL),
(24, '104575090094', 'Sean Kyle', 'T.', 'De Leon', '09483740016', 1, 1, 15, '207', NULL),
(25, '104591090032', 'Joshua', 'C.', 'Dimaala', '09075157249', 1, 1, 15, '208', NULL),
(26, '418008150161', 'Harold Anjelo', 'R.', 'Espeleta', '09088699469', 1, 1, 15, '209', NULL),
(27, '158001090023', 'Juan Alberto', '', 'Guevarra', '09496430756', 1, 1, 15, '210', NULL),
(28, '104575090230', 'Mavrick Nathan Miguel', 'C.', 'Ornum', '09064477117', 1, 1, 15, '211', NULL),
(29, '104595090128', 'Kyoichie Andre', 'G.', 'Pamintuan', '09773322110', 1, 1, 15, '212', NULL),
(30, '104595090140', 'John wayne Jury', 'R.', 'Perez', '09297202342', 1, 1, 15, '213', NULL),
(31, '104575090312', 'Aicel Simon', 'S.', 'Sicat', '09295901501', 1, 1, 15, '214', NULL),
(32, '104583090001', 'Ann Nicole', 'P.', 'Adraneda', '09462879185', 1, 1, 15, '215', NULL),
(33, '418008150166', 'Andrea', 'A.', 'Canlas', '09326491438', 1, 1, 15, '216', NULL),
(34, '104575090057', 'Bianca Maxim', 'O.', 'Capus', '09057229678', 1, 1, 15, '217', NULL),
(35, '104575120345', 'Trixia Anne', 'M.', 'Carrillo', '09126763844', 1, 1, 15, '218', NULL),
(36, '104575090065', 'Althea Jeanne', 'O.', 'Castuli', '09390184405', 1, 1, 15, '219', NULL),
(37, '104575090070', 'Althea', 'F.', 'Claudio', '09206348382', 1, 1, 15, '220', NULL),
(38, '104575130274', 'Madeline Joyce', 'S.', 'Dabu', '09173159258', 1, 1, 15, '221', NULL),
(39, '104595090050', 'Gian', 'M.', 'De Leon', '09464112335', 1, 1, 15, '222', NULL),
(40, '418008150167', 'Ma. Pristina Kelly', 'Y.', 'De Leon', '09213702982', 1, 1, 15, '223', NULL),
(41, '104575090103', 'Tristhea', 'G.', 'Dela Rosa', '09234573375', 1, 1, 15, '224', NULL),
(42, '104583090034', 'Rancess Thesally', 'A.', 'Esconde', '09179476149', 1, 1, 15, '225', NULL),
(43, '400616150171', 'Sharlyn', 'R.', 'Felix', '09258288521', 1, 1, 15, '226', NULL),
(44, '104608090049', 'Archie Kierra', 'R.', 'Gaddi', '09297637096', 1, 1, 15, '227', NULL),
(45, '104572090042', 'Aliona Nicole', 'L.', 'Gamboa', '09078731254', 1, 1, 15, '228', NULL),
(46, '104595090076', 'Marison', 'G.', 'Gigante', '09773834166', 1, 1, 15, '229', NULL),
(47, '104580090058', 'Miracel', 'M.', 'Lapid', '09305068726', 1, 1, 15, '230', NULL),
(48, '104580090060', 'Rohanna Beatrice', 'M.', 'Layug', '09195894562', 1, 1, 15, '231', NULL),
(49, '104577090060', 'Jasmin Rhiz', 'M.', 'Lingad', '09167030463', 1, 1, 15, '232', NULL),
(50, '418008150172', 'Ashley Nicole', 'A.', 'Macapagal', '09173009951', 1, 1, 15, '233', NULL),
(51, '104595090104', 'Dixenne', 'L.', 'Manalili', '09395254326', 1, 1, 15, '234', NULL),
(52, '104575090194', 'Vida Amara', 'R.', 'Manongdo', '09174213720', 1, 1, 15, '235', NULL),
(53, '104592090067', 'Sheena Mae', 'P.', 'Medrano', '09293215035', 1, 1, 15, '236', NULL),
(54, '104575090206', 'Mirielle Angela', 'G.', 'Mendoza', '09289596524', 1, 1, 15, '237', NULL),
(55, '104575120340', 'Christianee', 'E.', 'Mortal', '09296688341', 1, 1, 15, '238', NULL),
(56, '104595090121', 'Alheigne Kyle', 'C.', 'Naguiat', '09286232110', 1, 1, 15, '239', NULL),
(57, '418001150181', 'Shakila Mae', 'M.', 'Navarro', '09296254510', 1, 1, 15, '240', NULL),
(58, '104605090033', 'Leslie Mae', 'P.', 'Nicdao', '09291091809', 1, 1, 15, '241', NULL),
(59, '104577090073', 'Jhea', 'S.', 'Nicolas', '09108755574', 1, 1, 15, '242', NULL),
(60, 'c6f6ba2e', 'Alesha Faye', 'C.', 'Ocampo', '09163267444', 1, 1, 15, '243', NULL),
(61, '418008150174', 'Allysa Rean', 'M.', 'Paguirigan', '09055798821', 1, 1, 15, '244', NULL),
(62, '104595090130', 'Marielle', 'F.', 'Pangan', '09286771407', 1, 1, 15, '245', NULL),
(63, '104575090240', 'Joanna Abbie', 'G.', 'Pantig', '09151718009', 1, 1, 15, '246', NULL),
(64, '104575090241', 'Junilie Ann', 'G.', 'Pantig', '09151718009', 1, 1, 15, '247', NULL),
(65, '104575090283', 'Janella Vyonce', 'D.', 'Robles', '09472241885', 1, 1, 15, '248', NULL),
(66, '104575090286', 'Alyssa Nerie', 'M.', 'Ronquillo', '09174649860', 1, 1, 15, '249', NULL),
(67, '418008150175', 'Sofia', 'D.', 'Salvador', '09287894805', 1, 1, 15, '250', NULL),
(68, '400616150176', 'Victoria Ysraelle', 'T.', 'Sandoval', '09234990856', 1, 1, 15, '251', NULL),
(69, '158001090053', 'Lorris Kate', 'I.', 'Santos', '09279960859', 1, 1, 15, '252', NULL),
(70, '104575090324', 'Anne Eunice', 'D.', 'Talosig', '09203723334', 1, 1, 15, '253', NULL),
(71, '418016150370', 'Mikaella Jesusa', 'D.', 'Tongol', '09475476907', 1, 1, 15, '254', NULL),
(72, '104572090001', 'Jesha Hannah', 'M.', 'Abordo', '09502508486', 1, 1, 20, '427', NULL),
(73, '104593090001', 'Shaine', 'G.', 'Acopio', '09070969115', 1, 1, 20, '434', NULL),
(74, '104595090006', 'Christine Joy', 'S.', 'Almes', '09173467127', 1, 1, 20, '435', NULL),
(75, '104575090013', 'Jasmine Angela', 'A.', 'Alonzo', '09479903198', 1, 1, 20, '436', NULL),
(76, '104591090005', 'Casey Anne', 'S.', 'Angeles', '09167405562', 1, 1, 20, '437', NULL),
(77, '104595090014', 'Irish Lexie', '', 'Avengoza', '09286869599', 1, 1, 20, '438', NULL),
(78, '104607090010', 'Aila Kryshan', 'Q.', 'Caponpon', '09186850994', 1, 1, 20, '423', NULL),
(79, '104575090062', 'Kel Celine', 'M.', 'Castro', '09106328290', 1, 1, 20, '425', NULL),
(80, '104581090006', 'Mariela', 'L.', 'Constantino', '09339307558', 1, 1, 20, '428', NULL),
(81, '104575090080', 'Rochelle Joy', 'V.', 'Cruz', '09474576469', 1, 1, 20, '429', NULL),
(82, '136614090080', 'Diane', '', 'De Asis', '09753495878', 1, 1, 20, '430', NULL),
(83, '418008150168', 'Mary Joy', 'N.', 'Del Rosario', '09175178315', 1, 1, 20, '431', NULL),
(84, '104595090054', 'Anne Francine', 'L.', 'Dela Fuente', '09184008379', 1, 1, 20, '432', NULL),
(85, '158001090016', 'Iris Jewel', 'G.', 'Dinglas', '09994591533', 1, 1, 20, '433', NULL),
(86, '104575110142', 'Dianne Mae', 'R.', 'Esberto', '09493584833', 1, 1, 20, '392', NULL),
(87, '418016150358', 'Fatima', 'M.', 'Escoto', '09185623971', 1, 1, 20, '393', NULL),
(88, '104572090040', 'Joana Mae', 'O.', 'Galang', '09128146746', 1, 1, 20, '394', NULL),
(89, '104592090052', 'Emmah Lourence', 'V.', 'Lacap', '09297758135', 1, 1, 20, '395', NULL),
(90, '104581090025', 'Geraldine', 'V.', 'Liam', '09079418269', 1, 1, 20, '396', NULL),
(91, '104575090188', 'Jenifer Anne', 'C.', 'Mallo', '09164916893', 1, 1, 20, '397', NULL),
(92, '104603090033', 'Ezyle Ann', 'Y.', 'Manalili', '09185737671', 1, 1, 20, '398', NULL),
(93, '104608090096', 'Izzy', 'G.', 'Pedregosa', '09177622498', 1, 1, 20, '399', NULL),
(94, '418016150367', 'Laarni Joy', 'B.', 'Sabino', '09497019184', 1, 1, 20, '400', NULL),
(95, '104575090296', 'Michaela Zyrile', 'P.', 'Sampang', '09216756945', 1, 1, 20, '401', NULL),
(96, '104575090314', 'Mitch Franchelle', 'L.', 'Soliman', '09491415052', 1, 1, 20, '402', NULL),
(97, '104575130329', 'Ayumi', 'L.', 'Tanaka', '09333227263', 1, 1, 20, '403', NULL),
(98, '104572090002', 'Dylanz', 'V.', 'Aculana', '09213217220', 1, 1, 20, '409', NULL),
(99, '104572090006', 'Ryan', 'B.', 'Balani', '09291152566', 1, 1, 20, '411', NULL),
(100, '104575090032', 'Clark James', 'D.', 'Belleza', '09205590772', 1, 1, 20, '412', NULL),
(101, '104577090006', 'Nelson Ray', 'S.', 'Balaga', '09298472122', 1, 1, 20, '410', NULL),
(102, '418008150157', 'Kirk William', 'T.', 'Calilung', '09484685291', 1, 1, 20, '413', NULL),
(103, '104575090074', 'Jaycee', 'R.', 'Crisostomo', '09109877800', 1, 1, 20, '414', NULL),
(104, '104595090045', 'Khen Ivan', 'S.', 'Dabu', '09062262941', 1, 1, 20, '415', NULL),
(105, '104584090013', 'Dhane Joshua', 'S.', 'Dela Peña', '09475372391', 1, 1, 20, '416', NULL),
(106, '418040150269', 'Ram Lienzner', 'H.', 'Edillor', '09107808895', 1, 1, 20, '418', NULL),
(107, '104595120331', 'Lean Lauren', 'F', 'Flores', '09988816084', 1, 1, 20, '417', NULL),
(108, '104572090043', 'Daniel Marco', 'A.', 'Garcia', '09276069870', 1, 1, 20, '419', NULL),
(109, '104575090134', 'Yves Carlo', 'L.', 'Garcia', '09392829529', 1, 1, 20, '420', NULL),
(110, '418001150139', 'Elmar Jan', 'O.', 'Ilustrisimo', '09212095423', 1, 1, 20, '421', NULL),
(111, '104593090037', 'John Eldrin', 'R.', 'Lirio', '09479334533', 1, 1, 20, '404', NULL),
(112, '104595090095', 'John Gabriel', 'B.', 'Magsombol', '09463651393', 1, 1, 20, '405', NULL),
(113, '104575090223', 'John Howell', 'M.', 'Naguiat', '09278901979', 1, 1, 20, '407', NULL),
(114, '104595090123', 'Van Allen', 'S.', 'Naguiat', '09205666534', 1, 1, 20, '406', NULL),
(115, '104575090227', 'Ezekiel', 'T.', 'Nuguid', '09395981017', 1, 1, 20, '408', NULL),
(116, '104583090082', 'Aron', 'N.', 'Salvador', '09304512621', 1, 1, 20, '422', NULL),
(117, '104575090318', 'Earl Terence', 'M.', 'Susi', '09183761600', 1, 1, 20, '424', NULL),
(118, '109747090029', 'John Ivan', 'T', 'Torres', '09424905787', 1, 1, 20, '426', NULL),
(119, '104594090007', 'Keanna Xiam', 'B.', 'Anotado', '09205668064', 1, 1, 19, '181', NULL),
(120, '104595090013', 'Mary Rose', 'S.', 'Arvesu', '09236296096', 1, 1, 19, '182', NULL),
(121, '104609120011', 'Dashille', 'B.', 'Arpon', '09174938951', 1, 1, 19, '183', NULL),
(122, '422012150152', 'Rebecca Joyce', 'D.', 'Branzuela', '09053990812', 1, 1, 19, '184', NULL),
(123, '106856090025', 'Vanness Ivory', 'O.', 'Bundang', '09089561349', 1, 1, 19, '185', NULL),
(124, '400607150063', 'Yden Ralph', 'D.', 'De Vera', '09226555121', 1, 1, 19, '186', NULL),
(125, '104595090067', 'Keziah Lei', 'S.', 'Fernandez', '09989769598', 1, 1, 19, '187', NULL),
(126, '104595090070', 'Loriane Lhei', 'C.', 'Flores', '09167553179', 1, 1, 19, '188', NULL),
(127, '104580090044', 'Allysa Nicole', 'D.', 'Garcia', '09484522269', 1, 1, 19, '189', NULL),
(128, '104575090141', 'Irish Kent', 'M.', 'Guevara', '09127196376', 1, 1, 19, '190', NULL),
(129, '104595090082', 'Alyssa', 'L.', 'Iturralde', '09192423536', 1, 1, 19, '191', NULL),
(130, '104595090087', 'Arielle', 'P.', 'Lingad', '09192637150', 1, 1, 19, '192', NULL),
(131, '104593090038', 'Precious Ashley', 'G.', 'Lumanlan', '09467589732', 1, 1, 19, '193', NULL),
(132, '104575090220', 'Rizza Mae', 'P.', 'Murciano', '09273223305', 1, 1, 19, '194', NULL),
(133, '104572090077', 'Lhara Jane', 'G.', 'Perey', '09095431069', 1, 1, 19, '195', NULL),
(134, '104575090267', 'Christine Mae', 'C.', 'Reyes', '09185183277', 1, 1, 19, '196', NULL),
(135, '104608130027', 'Leila Denise', 'T.', 'Sanchez', '09484545406', 1, 1, 19, '197', NULL),
(136, '104575090313', 'Yvonne Margarette', 'J.', 'Sison', '09771474750', 1, 1, 19, '198', NULL),
(137, '104572090096', 'Sophia Joy', 'X', 'Susi', '09193603278', 1, 1, 19, '199', NULL),
(138, '104575090329', 'Maria Ericka Mae', 'Q.', 'Tolentino', '09185224418', 1, 1, 19, '200', NULL),
(139, '104575090331', 'Marjilla', 'S.', 'Valentin', '09076609262', 1, 1, 19, '201', NULL),
(140, '104575090006', 'Ahldrin', 'A.', 'Alarcon', '09158264008', 1, 1, 19, '154', NULL),
(141, '104575090014', 'Robert Christian', 'C.', 'Alonzo', '09204831441', 1, 1, 19, '155', NULL),
(142, '104577090009', 'John Daryl', 'E.', 'Baul', '09153735020', 1, 1, 19, '156', NULL),
(143, '104575090045', 'Kian Jerome', 'M.', 'Bugay', '09293851447', 1, 1, 19, '157', NULL),
(144, '104572090020', 'Jahrrei', 'N.', 'Catacutan', '09997266443', 1, 1, 19, '160', NULL),
(145, '104575090112', 'Raphael', 'V.', 'Ecocruz', '09336257294', 1, 1, 19, '161', NULL),
(146, '104603090021', 'Tristan Lord', 'L.', 'Fajardo', '09216402798', 1, 1, 19, '162', NULL),
(147, '104664090077', 'Josel Emil', 'A.', 'Gaza', '09982674867', 1, 1, 19, '163', NULL),
(148, '104595090091', 'Jhon Kristoff', 'F.', 'Mabanag', '09482638809', 1, 1, 19, '164', NULL),
(149, '104595090099', 'Juan Miguel', 'M.', 'Mallari', '09308109484', 1, 1, 19, '165', NULL),
(150, '419526150040', 'Rvie', 'G.', 'Manalo', '09202132748', 1, 1, 19, '166', NULL),
(151, '105964090036', 'Niño Mari', 'M.', 'Manalansan', '09267155073', 1, 1, 19, '167', NULL),
(152, '104573090038', 'Renee Daryl', 'C.', 'Naguiat', '09129737546', 1, 1, 19, '168', NULL),
(153, '104576090019', 'Franz Chard', 'R.', 'Narciso', '09477341859', 1, 1, 19, '169', NULL),
(154, '104575090248', 'Khyle Enzo', 'D.', 'Perales', '09369787084', 1, 1, 19, '170', NULL),
(155, '104575090257', 'Rebin Ralph', 'D.', 'Quinto', '09172553130', 1, 1, 19, '171', NULL),
(156, '104578090025', 'Daniel', 'S.', 'Rabara', '09308149632', 1, 1, 19, '172', NULL),
(157, '104575120344', 'Ivan Christian', 'C.', 'Ramos', '09283037487', 1, 1, 19, '173', NULL),
(158, '104575090265', 'Adolf Jann', 'A.', 'Reyes', '09164733119', 1, 1, 19, '174', NULL),
(159, '104575090276', 'Ramiel', 'B.', 'Reyes', '09288159320', 1, 1, 19, '175', NULL),
(160, '104575090285', 'Khiro Adrian', 'R.', 'Roman', '09988877988', 1, 1, 19, '176', NULL),
(161, '104575090311', 'Julian Andrew', 'B.', 'Sibug', '09082661178', 1, 1, 19, '177', NULL),
(162, '104583090091', 'Eisen', 'B.', 'Suba', '09497748489', 1, 1, 19, '178', NULL),
(163, '104595090182', 'Miko Hannz', 'P.', 'Villena', '09493102390', 1, 1, 19, '179', NULL),
(164, '104575090338', 'Kendrick', 'V.', 'Vitug', '09271548079', 1, 1, 19, '180', NULL),
(165, '104578090001', 'Danica Kim', 'N.', 'Aguilar', '09085385366', 1, 1, 18, '282', NULL),
(166, '400607150061', 'Kayezel Jean', 'D.', 'Agustin', '09279787806', 1, 1, 18, '283', NULL),
(167, '104572090005', 'Syrille Jade', 'M.', 'Austria', '09395826002', 1, 1, 18, '284', NULL),
(168, '419526150008', 'Bryleen Joy', 'M.', 'Atienza', '09193830060', 1, 1, 18, '285', NULL),
(169, '104595090037', 'Patty Isabelle', 'C', 'Calma', '09173726128', 1, 1, 18, '286', NULL),
(170, '104595090039', 'Kin Yashley', 'R.', 'Castro', '09396035602', 1, 1, 18, '287', NULL),
(171, '104591140123', 'Eryll', 'G.', 'Delos Santos', '09193980142', 1, 1, 18, '288', NULL),
(172, '104595090083', 'Rica Lynsey', 'S.', 'Izon', '09985508980', 1, 1, 18, '289', NULL),
(173, '104575090189', 'Jersey', 'O.', 'Mallo', '09175940547', 1, 1, 18, '290', NULL),
(174, '104575090228', 'Ella Mae', 'C.', 'Obispo', '09127194181', 1, 1, 18, NULL, NULL),
(175, '104575090233', 'Mary Grace', 'D.', 'Paguio', '09461726231', 1, 1, 18, '292', NULL),
(176, '104613090068', 'Avril Arley', 'B.', 'Pidigan', '09065579662', 1, 1, 18, '291', NULL),
(177, '104575090261', 'Arenn Leigh', 'M.', 'Razon', '09302119642', 1, 1, 18, '293', NULL),
(178, '104583090071', 'Kyle Patricia', 'K.', 'Regala', '09165774167', 1, 1, 18, '294', NULL),
(179, '104575090274', 'Mery Eliza', 'T.', 'Reyes', '09208491732', 1, 1, 18, '296', NULL),
(180, '104575090288', 'Beatriz Nicole', 'Q.', 'Sabado', '09266635796', 1, 1, 18, '295', NULL),
(181, '104575090306', 'Samantha Faith', 'M.', 'Santos', '09155453153', 1, 1, 18, '297', NULL),
(182, '104580090098', 'Daisy', 'T.', 'Soriano', '09081292764', 1, 1, 18, '298', NULL),
(183, '104595120323', 'Ashley Denisse Paula', 'V.', 'Talioaga', '09486377406', 1, 1, 18, '299', NULL),
(184, '104575090339', 'Samantha Claire', 'M.', 'Vitug', '09205587714', 1, 1, 18, '300', NULL),
(185, '104575090002', 'Airam Luke', 'S.', 'Aguilar', '09205426024', 1, 1, 18, '255', NULL),
(186, '107139090027', 'Khian Bryce', 'L.', 'Baldago', '09192803431', 1, 1, 18, '256', NULL),
(187, '418016150346', 'Yuann Gabriel', 'E.', 'Buhain', '09175889169', 1, 1, 18, '257', NULL),
(188, '104595090033', 'Mark Daniel', 'S.', 'Calimbas', '09996645529', 1, 1, 18, '258', NULL),
(189, '104575090051', 'Aldrin', 'R.', 'Calma', '09213089816', 1, 1, 18, '259', NULL),
(190, '104575090053', 'Ranjit Aaron', 'D.', 'Calpito', '09222490213', 1, 1, 18, '260', NULL),
(191, '104585090018', 'Jhon Alven', 'E.', 'Carlos', '09215973439', 1, 1, 18, '261', NULL),
(192, '104595140007', 'Anthony Kyle', 'D.', 'Cruz', '09065152961', 1, 1, 18, '262', NULL),
(193, '104572090023', 'Roman Gabriel', 'P.', 'Cruz', '09286997508', 1, 1, 18, '263', NULL),
(194, '104595090049', 'Newel Harvey', 'E.', 'De Guzman', '09192331947', 1, 1, 18, '264', NULL),
(195, '104589090024', 'Marvin', 'D.', 'Dumapit', '09106303185', 1, 1, 18, '265', NULL),
(196, '158001090021', 'James Joebel', 'C.', 'Galang', '09473910687', 1, 1, 18, '266', NULL),
(197, '104575090143', 'Patrick', 'S.', 'Guevarra', '09432913234', 1, 1, 18, '267', NULL),
(198, '104572090046', 'Zach Caezar Ian', 'S.', 'Hipolito', '09152179426', 1, 1, 18, '269', NULL),
(199, '104572090045', 'Jermaine Caezar Ian', 'S.', 'Hipolito', '09152179426', 1, 1, 18, '268', NULL),
(200, '104575090182', 'Dane Angelo', 'D.', 'Malit', '09083359785', 1, 1, 18, '270', NULL),
(201, '104573090043', 'Romeo Carlo Domini', 'M.', 'Pascual', '09166645150', 1, 1, 18, '271', NULL),
(202, '418008150162', 'Jan Ranz', 'A.', 'Peña', '09205047118', 1, 1, 18, '272', NULL),
(203, '104595090139', 'Denzel Manz', 'S.', 'Perez', '09184132614', 1, 1, 18, '273', NULL),
(204, '104575090251', 'Yhuri', 'I.', 'Pring', '09203239264', 1, 1, 18, '274', NULL),
(205, '104575090268', 'John Rayven', 'M.', 'Reyes', '09471415412', 1, 1, 18, '275', NULL),
(206, '400605150071', 'John Lee', 'T.', 'Salisi', '09216645641', 1, 1, 18, '276', NULL),
(207, '104593090081', 'Kurt Justine', 'R.', 'Santiago', '09109423063', 1, 1, 18, '277', NULL),
(208, '104572140110', 'Angelo Mayce Fredriel', 'D.', 'Santos', '09256231778', 1, 1, 18, '278', NULL),
(209, '104575090319', 'Jhon Michael', 'C.', 'Susi', '09073214364', 1, 1, 18, '279', NULL),
(210, '104583090094', 'Gyan Ozy', 'M.', 'Tamayo', '09233017219', 1, 1, 18, '280', NULL),
(211, '46e9b22e', 'Mark Reiner', 'T.', 'Trinidad', '09161700555', 1, 1, 18, '281', NULL),
(212, '104572090003', 'Daren Kyle', 'A.', 'Aguilar', '09307963379', 1, 1, 17, '348', NULL),
(213, '104572090012', 'Timothy Samuel', 'G.', 'Bersal', '09469510818', 1, 1, 17, '349', NULL),
(214, '104575090056', 'Clark Ivan', 'C.', 'Capuli', '09276753049', 1, 1, 17, '350', NULL),
(215, '104572090017', 'Conrad Jhay', 'C.', 'Capulong', '09285978788', 1, 1, 17, '351', NULL),
(216, '104575090084', 'Arrol Dave', 'B.', 'Dabu', '09212741540', 1, 1, 17, '352', NULL),
(217, '104592090021', 'Jereme', 'E.', 'Dabu', '09081654384', 1, 1, 17, '353', NULL),
(218, '418001150138', 'John Lee', 'P.', 'Galban', '09999955245', 1, 1, 17, '354', NULL),
(219, '104575090133', 'John Darwin', 'T.', 'Garcia', '09209697968', 1, 1, 17, '355', NULL),
(220, '104572090056', 'Patrick John', 'M.', 'Lansangan', '09195828835', 1, 1, 17, '356', NULL),
(221, '104575090207', 'Nathaniel Rex', 'R.', 'Mendoza', '09482128812', 1, 1, 17, '357', NULL),
(222, '104582090021', 'John Russel', 'R.', 'Moreno', '09193199576', 1, 1, 17, '358', NULL),
(223, '104591090074', 'Carlos Miguel', 'R.', 'Paguinto', '09225027790', 1, 1, 17, NULL, NULL),
(224, '104595090132', 'Jay Lawrence', 'S.', 'Pangilinan', '09496189470', 1, 1, 17, '359', NULL),
(225, '104575090253', 'Vince Renzi', 'R.', 'Punzalan', '09471841161', 1, 1, 17, '360', NULL),
(226, '104572090090', 'John Aeron', 'N.', 'Sangalang', '09478619381', 1, 1, 17, '361', NULL),
(227, '104575090303', 'Louis Philip', 'L.', 'Santos', '09502508316', 1, 1, 17, '362', NULL),
(228, '104612090016', 'Allen Jewel', 'C.', 'Suficiencia', '09212303374', 1, 1, 17, '363', NULL),
(229, '104583090093', 'Allen', 'L.', 'Tamayo', '09493296436', 1, 1, 17, '364', NULL),
(230, '104572090105', 'Jerome Nyl', 'G.', 'Vispo', '09195265498', 1, 1, 17, '365', NULL),
(231, '104608090126', 'Jayze Andrew', 'D.', 'Vitug', '09073464904', 1, 1, 17, '366', NULL),
(232, '104575090025', 'Jastine Joyce', 'M.', 'Bamba', '09106567910', 1, 1, 17, '367', NULL),
(233, '104586090004', 'Nicole Shane', 'C.', 'Barles', '09081571199', 1, 1, 17, '368', NULL),
(234, '106053090021', 'Alyssa', 'C.', 'Basi', '09087525929', 1, 1, 17, '369', NULL),
(235, '105979090014', 'Kristine Joy', 'B.', 'Bayani', '09214599581', 1, 1, 17, '370', NULL),
(236, '104591090014', 'Myka', '', 'Bognot', '09283671471', 1, 1, 17, '371', NULL),
(237, '104584090011', 'Stephanie Kylle', 'R.', 'Castro', '09475351533', 1, 1, 17, '372', NULL),
(238, '400605150074', 'Janine', 'Claire P.', 'David', '09090944969', 1, 1, 17, '373', NULL),
(239, '104575090089', 'Jonallene', 'M.', 'David', '09436818554', 1, 1, 17, '374', NULL),
(240, '104608090046', 'Zidane', 'Axelle F.', 'Felipe', '09095452578', 1, 1, 17, '375', NULL),
(241, '104575090129', 'Janelle Laureen', 'D.', 'Galsim', '09063498421', 1, 1, 17, '376', NULL),
(242, '104577090041', 'Coline', 'S.', 'Garcia', '09164477938', 1, 1, 17, '377', NULL),
(243, '104595090079', 'Jenny Mae', '', 'Hernandez', '09486983485', 1, 1, 17, '378', NULL),
(244, '104595090085', 'Nicole', 'C.', 'Lazaro', '09127267098', 1, 1, 17, '379', NULL),
(245, '104581090024', 'Danica', 'D.', 'Liam', '09478594353', 1, 1, 17, '380', NULL),
(246, '104595090105', 'Jirah Miel Clarin', 'A.', 'Manalili', '09996633252', 1, 1, 17, '381', NULL),
(247, '104572130001', 'Jaidylen', 'P.', 'Mendoza', '09286559007', 1, 1, 17, '382', NULL),
(248, '104575090214', 'Alyanna', 'B.', 'Morales', '09494812609', 1, 1, 17, '383', NULL),
(249, '104575090226', 'Leann Ace', 'T.', 'Nicdao', '09506512413', 1, 1, 17, '384', NULL),
(250, '104595090134', 'Felicity', 'F.', 'Panlaqui', '09982495875', 1, 1, 17, '385', NULL),
(251, '104606130110', 'Mickaella', 'E.', 'Peña', '09215705342', 1, 1, 17, '386', NULL),
(252, '104595090138', 'Aariane', 'A.', 'Perales', '09182526771', 1, 1, 17, '387', NULL),
(253, '104594090069', 'Anne Carla Mae', 'P.', 'Pradel', '09125028114', 1, 1, 17, '388', NULL),
(254, '104595090149', 'Liana', 'C.', 'Roldan', '09070640133', 1, 1, 17, '389', NULL),
(255, '104584090036', 'Ashley Nicole', 'P.', 'Sabado', '09296930794', 1, 1, 17, '390', NULL),
(256, '104575120351', 'Marianne', 'B.', 'Salud', '09286649585', 1, 1, 17, '391', NULL),
(257, '104594120103', 'Shaira Lareine', 'R.', 'Abegonia', '09282971451', 1, 1, 16, '322', NULL),
(258, '401386151804', 'Andrea Iane', 'C.', 'Agnazata', '09997266443', 1, 1, 16, '323', NULL),
(259, '401381150879', 'Alessandra', 'D.', 'Agpoon', '09778401130', 1, 1, 16, '324', NULL),
(260, '418008150164', 'Brigette Kate', 'M.', 'Basit', '09286649381', 1, 1, 16, '325', NULL),
(261, '104608090016', 'Diana Mae', 'C.', 'Bonayog', '09228045166', 1, 1, 16, '326', NULL),
(262, '418016160357', 'Janina Ann', 'L.', 'De Leon', '09083359785', 1, 1, 16, '327', NULL),
(263, '104575090121', 'Chantal Angelie', 'R.', 'Fernandez', '09397687794', 1, 1, 16, '328', NULL),
(264, '418008150169', 'Nica Mae', 'C.', 'Fernando', '09293342600', 1, 1, 16, '329', NULL),
(265, '104572090041', 'Nikka Joy', 'C.', 'Galang', '09238340394', 1, 1, 16, '330', NULL),
(266, '107124090332', 'Jersey', 'C.', 'Ignacio', '09074354376', 1, 1, 16, '331', NULL),
(267, '104595090086', 'Mary Angeline', 'H.', 'Lim', '09092458135', 1, 1, 16, '332', NULL),
(268, '104600090054', 'Kristal Malu', 'C.', 'Malit', '09109586336', 1, 1, 16, '333', NULL),
(269, '104598090022', 'Hanna Mae', 'M.', 'Moronia', '09305521629', 1, 1, 16, '334', NULL),
(270, '104575090218', 'Christiane', 'V.', 'Muli', '09303894185', 1, 1, 16, '335', NULL),
(271, '104595150180', 'Aeizsha Jhayzs', 'C.', 'Pascual', '09083711158', 1, 1, 16, '336', NULL),
(272, '104608090117', 'Princess Valerie', 'D.', 'Ponce', '09108468523', 1, 1, 16, '337', NULL),
(273, '104583090070', 'Hershey Lee', 'E.', 'Porley', '09480791756', 1, 1, 16, '338', NULL),
(274, '104575090284', 'Stephanie', 'S.', 'Rodriguez', '09473312731', 1, 1, 16, '339', NULL),
(275, '104595090169', 'Ashley Nicole', 'P.', 'Singian', '09199483621', 1, 1, 16, '340', NULL),
(276, '104575090316', 'Justin Aubrey', 'K.', 'Soriano', '09282514328', 1, 1, 16, '341', NULL),
(277, '104575090296', 'Shiela Marie', 'M.', 'Suarez', '09186189771', 1, 1, 16, '342', NULL),
(278, '104595090171', 'Ruth', 'V.', 'Surla', '09954121644', 1, 1, 16, '343', NULL),
(279, '104575090322', 'Aliana Joyce', 'Q.', 'Tala', '09301341075', 1, 1, 16, '344', NULL),
(280, '104608090116', 'Deniele Anne', 'C.', 'Tayag', '09428117067', 1, 1, 16, '345', NULL),
(281, '104575090328', 'Angel Ryzza', 'A.', 'Tolentino', '09503243737', 1, 1, 16, '346', NULL),
(282, '104575150006', 'Anghela Ayumi', 'P.', 'Uyema', '09996679583', 1, 1, 16, '347', NULL),
(283, '104580090014', 'Kier Andrew', 'M.', 'Bautista', '09073073801', 1, 1, 16, '301', NULL),
(284, '104608090022', 'Lee Sebastian', 'P.', 'Castañares', '09504837747', 1, 1, 16, '302', NULL),
(285, '104610150017', 'Leeroi', 'B.', 'Claudio', '09496433719', 1, 1, 16, '303', NULL),
(286, '104575090116', 'Juan Carlo', 'S.', 'Esteban', '09772178349', 1, 1, 16, '304', NULL),
(287, '104575090142', 'Nathaniel', 'S.', 'Guevarra', '09996765091', 1, 1, 16, '305', NULL),
(288, '419526150031', 'Vincent', '', 'Hernandez', '09481350688', 1, 1, 16, '306', NULL),
(289, '104608090057', 'Rehvdel', 'Q.', 'Hilario', '09293389571', 1, 1, 16, '307', NULL),
(290, '104575090170', 'Daniel', 'N.', 'Lingad', '09152306520', 1, 1, 16, '308', NULL),
(291, '400605150069', 'Ralph Andrei', 'G.', 'Magalso', '09214612172', 1, 1, 16, '309', NULL),
(292, '418040150272', 'Renz Nathaniel', 'G.', 'Nañasca', '09501708503', 1, 1, 16, '310', NULL),
(293, '104595090127', 'Rainier John Lawrence', 'E.', 'Ocampo', '09494194987', 1, 1, 16, '311', NULL),
(294, '400607150058', 'Louie Gabriel', 'U.', 'Quilla', '09438141363', 1, 1, 16, '312', NULL),
(295, '104575090266', 'Christopher', 'V.', 'Reyes', '09496134841', 1, 1, 16, '313', NULL),
(296, '104575090269', 'John Paul', 'V.', 'Reyes', '09467144976', 1, 1, 16, '314', NULL),
(297, '158001090047', 'Earl Roger', 'R.', 'Romano', '09094307403', 1, 1, 16, '315', NULL),
(298, '104595090150', 'Jason Daniele', 'F.', 'Romero', '09774616220', 1, 1, 16, '316', NULL),
(299, '104575090295', 'Nathaniel', 'G.', 'Salvador', '09993254231', 1, 1, 16, '317', NULL),
(300, '104577130254', 'Michael Angelo', 'S.', 'Sonza', '09301828509', 1, 1, 16, '318', NULL),
(301, '104593090092', 'Gian Karlo', 'L.', 'Trinidad', '09462054080', 1, 1, 16, '319', NULL),
(302, '418008150163', 'John Ryan', 'P.', 'Trinidad', '09164671775', 1, 1, 16, '320', NULL),
(303, '104595090180', 'Jeric Roy', 'M.', 'Vicarme', '09276058485', 1, 1, 16, '321', NULL),
(304, '104600080002', 'Cyrus Daniel', 'R.', 'Alvendo', '09326075700', 1, 2, 21, '832', NULL),
(305, '400610150212', 'Gerald', 'G.', 'Aquino', '09092618566', 1, 2, 21, '833', NULL),
(306, '106053080024', 'Adrianne', 'C.', 'Basi', '09087525929', 1, 2, 21, '834', NULL),
(307, '104575080050', 'Jay Franz', 'E.', 'Calimbas', '09231209911', 1, 2, 21, '835', NULL),
(308, '104592080015', 'Juan Gabriel', 'L.', 'Canlas', '09506761626', 1, 2, 21, '836', NULL),
(309, '104575120327', 'Marfred Kenneth', 'G.', 'Cheung', '09398475016', 1, 2, 21, '837', NULL),
(310, '104575080108', 'John Kelvin', 'S.', 'Eleazar', '09217514970', 1, 2, 21, '838', NULL),
(311, '400610150217', 'Nathaniel', 'V.', 'Fernandez', '09214218120', 1, 2, 21, '839', NULL),
(312, '104575080132', 'Coline Aubry', '', 'Gloria', '09474073617', 1, 2, 21, '840', NULL),
(313, '158001080024', 'John Andrei', 'R.', 'Guevarra', '09757365587', 1, 2, 21, '841', NULL),
(314, '104595080080', 'Ryan Christoper', 'S.', 'Joson', '09175347818', 1, 2, 21, '842', NULL),
(315, '400610150220', 'Jericho', 'S.', 'Manalili', '09102481212', 1, 2, 21, '843', NULL),
(316, '104592080053', 'Ronald Vincent', 'P.', 'Medrano', '09491264140', 1, 2, 21, '844', NULL),
(317, '104595080113', 'Darrel Lance', 'B.', 'Montemayor', '09064326168', 1, 2, 21, '845', NULL),
(318, '400610150222', 'Theo Allen', 'T.', 'Nacu', '09998819619', 1, 2, 21, '846', NULL),
(319, '104593080046', 'Aldrin', 'B.', 'Natanauan', '09203116004', 1, 2, 21, '847', NULL),
(320, '400610150224', 'Carlos', 'D.', 'Navarro', '09178369967', 1, 2, 21, '848', NULL),
(321, '400610150225', 'Jhemar', 'G.', 'Necesito', '09296828124', 1, 2, 21, '849', NULL),
(322, '104575080207', 'Joshua', 'L.', 'Paguio', '09204750340', 1, 2, 21, '850', NULL),
(323, '104575080214', 'Roniel Chester', 'F.', 'Payos', '09077144091', 1, 2, 21, '851', NULL),
(324, '104575080248', 'Muswacky', 'C.', 'Rubiano', '09184128897', 1, 2, 21, '852', NULL),
(325, '104592080074', 'Mark Christian', 'L.', 'Sambajon', '09399174728', 1, 2, 21, '853', NULL),
(326, '104589080109', 'Charles Kayne', 'S.', 'Tarrayo', '09161095646', 1, 2, 21, '854', NULL),
(327, '104595080184', 'Charles Julius', 'A.', 'Vergara', '09165597295', 1, 2, 21, '855', NULL),
(328, '104595080185', 'Justine Dale', 'R.', 'Villanueva', '09097695837', 1, 2, 21, '856', NULL),
(329, '104583080090', 'Adrian', 'O.', 'Waje', '09205667451', 1, 2, 21, '857', NULL),
(330, '104572080011', 'Nikki Eimeren', 'E.', 'Amlog', '09283878311', 1, 2, 21, '858', NULL),
(331, '104575080014', 'Maria Alexandra', 'D.', 'Angeles', '09278812078', 1, 2, 21, '859', NULL),
(332, '159509080010', 'Aliana Marie', 'M.', 'Cabatay', '09308785087', 1, 2, 21, '860', NULL),
(333, '104575080058', 'Marianne Joyle', 'R.', 'Carullo', '09175263410', 1, 2, 21, '861', NULL),
(334, '104575080062', 'Katelyn', 'M.', 'Castro', '09127305916', 1, 2, 21, '862', NULL),
(335, '104595080045', 'Mariel Dee', 'D.', 'Del Rosario', '09064898027', 1, 2, 21, '863', NULL),
(336, '104591080014', 'Eunice', 'C.', 'Dimaala', '09075157249', 1, 2, 21, '864', NULL),
(337, '104575080100', 'Regina Mae', 'S.', 'Dimalanta', '09239303194', 1, 2, 21, '865', NULL),
(338, '400610150245', 'Angel Mhae', 'G.', 'Manalo', '09202132748', 1, 2, 21, '866', NULL),
(339, '104589080076', 'Justine', 'M.', 'Mariano', '09153501963', 1, 2, 21, '867', NULL),
(340, '104572130006', 'Jasmine Kate', 'P.', 'Mendoza', '09286559007', 1, 2, 21, '868', NULL),
(341, '104592080057', 'Rhaldley Trex', 'Y.', 'Morales', '09487567870', 1, 2, 21, '869', NULL),
(342, '104575080193', 'Rica Grace', 'M.', 'Morales', '09206447167', 1, 2, 21, '870', NULL),
(343, '104575080194', 'Ellysa Bianca', 'A.', 'Mutuc', '09186980884', 1, 2, 21, '871', NULL),
(344, '104595080121', 'Shaira Neil', 'N.', 'Navarro', '09328530917', 1, 2, 21, '872', NULL),
(345, '104572080091', 'Audrey', 'G.', 'Palabay', '09097678254', 1, 2, 21, '873', NULL),
(346, '104575080212', 'Irish Joy', 'I.', 'Parayo', '09292445599', 1, 2, 21, '874', NULL),
(347, '104603080044', 'Sheerie', 'Q.', 'Rivera', '09435651566', 1, 2, 21, '875', NULL),
(348, '104595080150', 'Armhie Fhey', 'C.', 'Sacramento', '09496414667', 1, 2, 21, '876', NULL),
(349, '104575080260', 'Mariel', 'G.', 'Salvador', '09156760770', 1, 2, 21, '877', NULL),
(350, '104575080272', 'Camille', 'C.', 'Saplala', '09175864732', 1, 2, 21, '878', NULL),
(351, '104575080273', 'Micaella', 'R.', 'Sarmiento', '09478802031', 1, 2, 21, '879', NULL),
(352, '104575080277', 'Erica Joy', 'C.', 'Sibal', '09487243312', 1, 2, 21, '880', NULL),
(353, '104575080288', 'Rei Jinn', 'R.', 'Sunga', '09178019139', 1, 2, 21, '881', NULL),
(354, '104575080304', 'Anne Mica', 'M.', 'Villanueva', '09279072563', 1, 2, 21, '882', NULL),
(355, '104595080186', 'Divine Joyce', 'M.', 'Villaralbo', '09163702877', 1, 2, 21, '883', NULL),
(356, '5662bb2e', 'Nathaniel', 'F.', 'Bungay', '09993455332', 1, 2, 22, '676', NULL),
(357, '104575080063', 'Marvin Carl', 'R.', 'Castro', '09495887760', 1, 2, 22, '677', NULL),
(358, '400610150006', 'Kevin Ross', 'M.', 'Cortel', '09295297259', 1, 2, 22, '678', NULL),
(359, '400610150055', 'Josh Nillson', 'D.', 'Danan', '09367677465', 1, 2, 22, '679', NULL),
(360, '104575080090', 'Jay Neil', 'Y.', 'De Guzman', '09222953300', 1, 2, 22, '680', NULL),
(361, '104593080021', 'Kian Denzell', 'L.', 'Dela Cruz', '09084719833', 1, 2, 22, '681', NULL),
(362, '104595080049', 'Aron Paul', 'F.', 'Diego', '09302631073', 1, 2, 22, '682', NULL),
(363, '400610150165', 'John Kainer', 'A.', 'Diwa', '09204898192', 1, 2, 22, '683', NULL),
(364, '104581080016', 'John Gabriel', 'C.', 'Fabia', '09089621066', 1, 2, 22, '684', NULL),
(365, '400610150009', 'Rey Geleore', 'G', 'Gabaisen', '09495698983', 1, 2, 22, '685', NULL),
(366, '104593080030', 'Aeron Dave', 'L.', 'Gopez', '09297323626', 1, 2, 22, '686', NULL),
(367, '104575080141', 'Irvan Joy', 'C.', 'Jaring', '09212023139', 1, 2, 22, '687', NULL),
(368, '104572080066', 'Joshua Clark', 'L.', 'Lansangan', '09478680672', 1, 2, 22, '688', NULL),
(369, '104572080070', 'Sedrick Josh', 'A.', 'Lee', '09305902449', 1, 2, 22, '689', NULL),
(370, '104572140111', 'Kent Vincent', 'M.', 'Libo', '09179204287', 1, 2, 22, '690', NULL),
(371, '104593080035', 'Ricardo Jose', 'R.', 'Lirio', '09185756740', 1, 2, 22, '691', NULL),
(372, '104583080044', 'Joshua', 'G.', 'Mañalac', '09394052050', 1, 2, 22, '692', NULL),
(373, '104575080179', 'John Michael', 'L.', 'Menor', '09493959771', 1, 2, 22, '693', NULL),
(374, '104575080183', 'Antonio Francisco', 'P.', 'Moncupa', '09474740888', 1, 2, 22, '694', NULL),
(375, '104575080204', 'Angelo', 'M.', 'Oliveria', '09227680356', 1, 2, 22, '695', NULL),
(376, '104595080133', 'Justin', 'A.', 'Perales', '09182526771', 1, 2, 22, '696', NULL),
(377, '400610150128', 'Vincent Emmanuel', 'U.', 'Quilla', '09985108509', 1, 2, 22, '697', NULL),
(378, '104595080144', 'Elinard Jireh', 'S.', 'Reyes', '09293226025', 1, 2, 22, '698', NULL),
(379, '104572080101', 'Marco Julian', 'D.', 'Romano', '09287975081', 1, 2, 22, '699', NULL),
(380, '104595080164', 'Paul Vincent', 'S.', 'Santos', '09394487046', 1, 2, 22, '700', NULL),
(381, '104605080044', 'Ulysses  III', 'T.', 'Solidum', '09462641402', 1, 2, 22, '701', NULL),
(382, '400610150028', 'John Matthew', 'D.', 'Tongol', '09475496907', 1, 2, 22, '702', NULL),
(383, '104575080091', 'Trisha Marie', 'M.', 'De Guzman', '09493546041', 1, 2, 22, '703', NULL),
(384, '104575080094', 'Jewel', 'D.', 'Dela Peña', '09106157413', 1, 2, 22, '704', NULL),
(385, '104583080018', 'Will Mayrie', 'D.', 'Dimacali', '09206552799', 1, 2, 22, '705', NULL),
(386, '104595080055', 'Kris Angela', 'P.', 'Diwa', '09289675061', 1, 2, 22, '706', NULL),
(387, '104575080110', 'Sofia', 'U.', 'Espino', '09208106167', 1, 2, 22, '707', NULL),
(388, '104595080065', 'Cariza Kaila', 'D.', 'Felicitas', '09994007263', 1, 2, 22, '708', NULL),
(389, '104575080117', 'Jermaine Nicole', 'C.', 'Fernando', '09157760672', 1, 2, 22, '709', NULL),
(390, '104575080144', 'Maria Angela Patricia', 'M.', 'Lampa', '09083891064', 1, 2, 22, '710', NULL),
(391, '104575080145', 'Jan Avril', 'V.', 'Landicho', '09158000949', 1, 2, 22, '711', NULL),
(392, '104595080087', 'Shyla Jannessa', 'M.', 'Lingad', '09097272401', 1, 2, 22, '712', NULL),
(393, '400610150042', 'Manuella', 'S.', 'Macalanda', '09504837728', 1, 2, 22, '713', NULL),
(394, '400610150198', 'Trexie Mae', 'L.', 'Macaspac', '09206517765', 1, 2, 22, '714', NULL),
(395, '104584080016', 'Mitchie', 'M.', 'Miguel', '09491263624', 1, 2, 22, '715', NULL),
(396, '104575080186', 'Chris Dimple', 'F.', 'Montemayor', '09202847798', 1, 2, 22, '716', NULL),
(397, '104575080187', 'Kianna Andrei', 'C.', 'Montemayor', '09994686298', 1, 2, 22, '717', NULL),
(398, '400610150096', 'Rionette', 'R.', 'Padilla', '09296364363', 1, 2, 22, '718', NULL),
(399, '104575080208', 'Maria Rubelina', 'B.', 'Paguio', '09463064700', 1, 2, 22, '719', NULL),
(400, '104575080229', 'Nicole', 'R.', 'Ramos', '09233828814', 1, 2, 22, '720', NULL),
(401, '104575080230', 'Raiza Anne Kyle', 'M.', 'Ramos', '09192360363', 1, 2, 22, '721', NULL),
(402, '104575080251', 'Mikhaella', 'M.', 'Salang', '09950097562', 1, 2, 22, '722', NULL),
(403, '104577080095', 'Jailha Marie', 'I.', 'Santos', '09208594268', 1, 2, 22, '723', NULL),
(404, '104575080268', 'Lariane Joy', 'A.', 'Santos', '09981512555', 1, 2, 22, '724', NULL),
(405, '104575080274', 'Kyla', 'N.', 'Sebastian', '09496376062', 1, 2, 22, '725', NULL),
(406, '104575080287', 'Vea', 'C.', 'Sundian', '09771393769', 1, 2, 22, '726', NULL),
(407, '104575080291', 'Chynna Mae', 'D.', 'Tabag', '09083613176', 1, 2, 22, '727', NULL),
(408, '104575080023', 'Jonas', 'M.', 'Aquino', '09474384656', 1, 2, 23, '779', NULL),
(409, '104595080022', 'Justin', 'M.', 'Bugay', '09999028790', 1, 2, 23, '780', NULL),
(410, '104575080086', 'Lance', 'D.', 'Danan', '09999371102', 1, 2, 23, '781', NULL),
(411, '104589120040', 'Kenjie', 'C.', 'Del Rosario', '09152706876', 1, 2, 23, '782', NULL),
(412, '104593080020', 'Ace Noel', 'C.', 'Dela Cruz', '09468288333', 1, 2, 23, '783', NULL),
(413, '104593080022', 'King Noel', 'C.', 'Dela Cruz', '09468288333', 1, 2, 23, '784', NULL),
(414, '104575080120', 'Chrisrob Russel', 'M.', 'Francisco', '09324832814', 1, 2, 23, '785', NULL),
(415, '104595080071', 'Michael Ken', 'M.', 'Garcia', '09063752214', 1, 2, 23, '786', NULL),
(416, '106049080037', 'Ian Rafael', 'L.', 'Jimenez', '09497346784', 1, 2, 23, '787', NULL),
(417, '104595080081', 'Cyrill Jay', 'R.', 'Jusayan', '09205591670', 1, 2, 23, '788', NULL),
(418, '104572080067', 'Nash', 'G.', 'Lansangan', '09293253307', 1, 2, 23, '789', NULL),
(419, '104575120328', 'Mark Louie', 'O.', 'Lapid', '09082483493', 1, 2, 23, '790', NULL),
(420, '104589080069', 'Raven Jay', 'C.', 'Magsino', '09095428248', 1, 2, 23, '791', NULL),
(421, '400610150123', 'John Melvin', 'M.', 'Mallari', '09309826656', 1, 2, 23, '792', NULL),
(422, '104575080166', 'Dave', 'M.', 'Mañalac', '09185636209', 1, 2, 23, '793', NULL),
(423, '104575080167', 'Christian Nelle', 'M.', 'Manalansan', '09996961317', 1, 2, 23, '794', NULL),
(424, '104603080039', 'John Carlo', 'L.', 'Paule', '09462702886', 1, 2, 23, '795', NULL),
(425, '400610150022', 'James Lorenz', 'H.', 'Perciano', '09274882238', 1, 2, 23, '796', NULL),
(426, '104579080013', 'Julius Ivan', 'D.', 'Peregrino', '09369849145', 1, 2, 23, '797', NULL),
(427, '104595080134', 'Vince Laurence', 'D.', 'Pidelo', '09497605566', 1, 2, 23, '798', NULL),
(428, '104572080096', 'Johan Gyles', 'M.', 'Ramos', '09486950082', 1, 2, 23, '799', NULL),
(429, '104575080239', 'John Heinz', 'D.', 'Reyes', '09233188577', 1, 2, 23, '800', NULL),
(430, '104575080267', 'Jan Anthony', 'G.', 'Santos', '09490771223', 1, 2, 23, '801', NULL),
(431, '104595080166', 'Jhune Nathaniel', 'R.', 'Sayaman', '09286835894', 1, 2, 23, '802', NULL),
(432, '104592080079', 'Louise Andrew', 'C.', 'Sibug', '09420474655', 1, 2, 23, '803', NULL),
(433, '104575080286', 'Ysaiah Ashlee', 'Q.', 'Sumpay', '09108903214', 1, 2, 23, '804', NULL),
(434, '400610150182', 'Junia Issei', 'B.', 'Takatsuka', '09051001405', 1, 2, 23, '805', NULL),
(435, '104606080107', 'Lowie', 'G.', 'Trinidad', '09207619698', 1, 2, 23, '806', NULL),
(436, '104595080001', 'Faith Rishma Maeve', 'D.', 'Abapo', '09501687799', 1, 2, 23, '807', NULL),
(437, '104570080015', 'Sabrina', 'A.', 'Bernardo', '09435472419', 1, 2, 23, '808', NULL),
(438, '104572080034', 'Marlene Joyce', 'A.', 'Cajape', '09468004310', 1, 2, 23, '809', NULL),
(439, '104589080023', 'Nerissa', 'A.', 'Carlos', '09988437483', 1, 2, 23, '810', NULL),
(440, '104580080024', 'Trishia', 'R.', 'Casupanan', '09122088730', 1, 2, 23, '811', NULL),
(441, '104606080025', 'Danica', 'B.', 'Dabu', '09198843973', 1, 2, 23, '812', NULL),
(442, '400610150138', 'Raiza Eunice', 'D.', 'De Leon', '09994982344', 1, 2, 23, '813', NULL),
(443, '104595080056', 'Kyrille Ann', 'S.', 'Diwa', '09216461158', 1, 2, 23, '814', NULL),
(444, '104595080066', 'Maria Shania', 'N.', 'Fernandez', '09322132645', 1, 2, 23, '815', NULL),
(445, '104595080076', 'Ma. Norine', 'A.', 'Hizon', '09473496652', 1, 2, 23, '816', NULL),
(446, '0640be2e', 'Pauline Kaye', 'N.', 'Lee', '09303906979', 1, 2, 23, '817', NULL),
(447, '105964120039', 'Stephanie', 'N.', 'Macabulos', '09463589388', 1, 2, 23, '818', NULL),
(448, '104575080165', 'Airish Ann', 'M.', 'Manahan', '09196829252', 1, 2, 23, '819', NULL),
(449, '104595080105', 'Joanna Vernice', 'V.', 'Manapul', '09206113977', 1, 2, 23, '820', NULL),
(450, '104595120013', 'Paula Mae Sally', 'M.', 'Mercado', '09234520485', 1, 2, 23, '821', NULL),
(451, '400610150044', 'Juanna Louise', 'P', 'Pelaez', '09997571408', 1, 2, 23, '822', NULL),
(452, '104574080016', 'Ericka Myles', 'T.', 'Regala', '09183809561', 1, 2, 23, '823', NULL),
(453, '104575080242', 'Rica Ivy Nicole', 'M.', 'Reyes', '09261414454', 1, 2, 23, '824', NULL),
(454, '104586080025', 'Jaycee Anne', 'P.', 'Salenga', '09085076954', 1, 2, 23, '825', NULL),
(455, '104595080174', 'Janna Marie', 'R.', 'Simsuangco', '09216051339', 1, 2, 23, '826', NULL),
(456, '104580080095', 'Christel Jae', 'V.', 'Soriano', '09182906140', 1, 2, 23, '827', NULL),
(457, '104575080290', 'Allyssa Maria', 'L.', 'Surla', '09095237235', 1, 2, 23, '828', NULL),
(458, '104580080097', 'Mira Michaella', 'R.', 'Tamayo', '09215548093', 1, 2, 23, '829', NULL),
(459, '400610150102', 'Monique Marielle', 'O.', 'Valencia', '09071386347', 1, 2, 23, '830', NULL),
(460, '400610150260', 'Jerica Marie', 'V.', 'Vergara', '09196113686', 1, 2, 23, '831', NULL),
(461, '104575080004', 'Airam Gabriel', 'S.', 'Aguilar', '09205426024', 1, 2, 24, '884', NULL),
(462, '104572080010', 'Carlo', 'B.', 'Amlog', '09062015336', 1, 2, 24, '885', NULL),
(463, '104575080016', 'Franz-Ajani', 'A.', 'Angulo', '09330228346', 1, 2, 24, '886', NULL),
(464, '104575080027', 'Nicole', 'G.', 'Arellano', '09497621399', 1, 2, 24, '887', NULL),
(465, '104572080018', 'Jolo', 'P.', 'Austria', '09281509950', 1, 2, 24, '888', NULL),
(466, '104572080026', 'Jeffrey', 'C.', 'Bartolome', '09298472488', 1, 2, 24, '889', NULL),
(467, '104597080003', 'John Louise', 'O.', 'Bau', '09058939217', 1, 2, 24, '890', NULL),
(468, '104575080066', 'Evan Jacob', 'G.', 'Chavez', '09175517424', 1, 2, 24, '891', NULL),
(469, '104575080075', 'Austin Lennard', 'F.', 'Cruz', '09082657581', 1, 2, 24, '892', NULL),
(470, '400610150059', 'Jhon Audi', 'R.', 'Flores', '09499612475', 1, 2, 24, '893', NULL),
(471, '400610150115', 'Jozel', 'C.', 'Flores', '09288584042', 1, 2, 24, '894', NULL),
(472, '400610150062', 'Von Virreld', 'S.', 'Hernandez', '09481350688', 1, 2, 24, '895', NULL),
(473, '104575120350', 'Jave', 'M.', 'Jimenez', '09394370930', 1, 2, 24, '896', NULL),
(474, '104595080082', 'Steven Carl', 'H.', 'Kalaquian', '09127226244', 1, 2, 24, '897', NULL),
(475, '104575120328', 'Kim Louie', 'C.', 'Lapid', '09985534334', 1, 2, 24, '898', NULL),
(476, '400610150125', 'John Irish', 'T.', 'Manuel', '09293662106', 1, 2, 24, '899', NULL),
(477, '400610150069', 'Jericho Percival', 'L.', 'Muli', '09276058446', 1, 2, 24, '900', NULL),
(478, '400610150070', 'Ryuichi', 'B.', 'Nakanishi', '09153735020', 1, 2, 24, '901', NULL),
(479, '104575140324', 'Ferdinand', 'M.', 'Orlina', '09466368663', 1, 2, 24, '902', NULL),
(480, '400610150073', 'Daryl', 'B.', 'Pascua', '09997604085', 1, 2, 24, '903', NULL),
(481, '104575080244', 'Johannes Mozart', 'D.', 'Robles', '09192355868', 1, 2, 24, '904', NULL),
(482, '107124080532', 'Jethro Daniel', 'M.', 'Ronquillo', '09282678268', 1, 2, 24, '905', NULL),
(483, '400610150132', 'Izach Ross', 'U.', 'Santos', '09178392979', 1, 2, 24, '906', NULL),
(484, '104575080271', 'Paulo Allen', 'D.', 'Santos', '09064010706', 1, 2, 24, '907', NULL),
(485, '104580080094', 'Roland Louis', 'R.', 'Sapasap', '09987913448', 1, 2, 24, '908', NULL),
(486, '104580080094', 'Allen', 'T.', 'Soriano', '09081292764', 1, 2, 24, '909', NULL),
(487, '104580080102', 'Joshua', 'F.', 'Valencia', '09393072535', 1, 2, 24, '910', NULL),
(488, '104575080030', 'Fredie Alison', 'D.', 'Balios', '09995955003', 1, 2, 24, '911', NULL),
(489, '104575080039', 'Gabrielle Ashley', 'A.', 'Basilio', '09184613035', 1, 2, 24, '912', NULL),
(490, '105964120031', 'Nyah Marianne', 'S.', 'Bautista', '09173246739', 1, 2, 24, '913', NULL),
(491, '104575080041', 'Kristine Joy', 'R.', 'Becarme', '09335225461', 1, 2, 24, '914', NULL),
(492, '104575080074', 'Anne Lorraine', 'G.', 'Crisini', '09085310891', 1, 2, 24, '915', NULL),
(493, '104583080016', 'Micaela', 'S.', 'De Guzman', '09159678131', 1, 2, 24, '916', NULL),
(494, '104580080030', 'Lindsay Anne', 'R.', 'Dela Rosa', '09998502292', 1, 2, 24, '917', NULL),
(495, '104577080021', 'Vanessa', 'S.', 'Delos Santos', '09274509743', 1, 2, 24, '918', NULL),
(496, '104595080064', 'Ricah Melissa', 'P.', 'Fajota', '09205044895', 1, 2, 24, '919', NULL),
(497, '104575080138', 'Roshan Amanda', 'R.', 'Guzman', '09189200954', 1, 2, 24, '920', NULL),
(498, '104595080079', 'Mica Alyanna', 'N.', 'Isip', '09994284556', 1, 2, 24, '921', NULL),
(499, '104591080027', 'Xyreen Mae', 'F.', 'Liwanag', '09107404976', 1, 2, 24, '922', NULL),
(500, '104577080054', 'Dianne Paola', 'M.', 'Llave', '09952096390', 1, 2, 24, '923', NULL),
(501, '104575080152', 'Scarlet', 'V.', 'Lumanog', '09474576469', 1, 2, 24, '924', NULL),
(502, '104573080028', 'Angel Ann', 'O.', 'Magat', '09173346400', 1, 2, 24, '925', NULL),
(503, '104575080162', 'Jairah', 'O.', 'Mallo', '09175940547', 1, 2, 24, '926', NULL),
(504, '104575080205', 'Prescious Noelle Day', 'D.', 'Ongkengco', '09222921064', 1, 2, 24, '927', NULL),
(505, '104575080209', 'Patricia Ann Louise', 'L.', 'Pagulayan', '09985648259', 1, 2, 24, '928', NULL),
(506, '104583080071', 'Hannah Zcy', 'F.', 'Porley', '09501710332', 1, 2, 24, '929', NULL),
(507, '104595080145', 'Karyll Shane', 'L.', 'Reyes', '09494697913', 1, 2, 24, '930', NULL),
(508, '400610150049', 'Reiven Sher', 'M.', 'Ronquillo', '09493407465', 1, 2, 24, '931', NULL),
(509, '104585080081', 'Star Liezel', 'B.', 'Salvador', '09159678131', 1, 2, 24, '932', NULL),
(510, '104575080295', 'Cheska Marie', 'D.', 'Tia', '09092252952', 1, 2, 24, '933', NULL),
(511, '104603080053', 'Angelina', 'D.', 'Velez', '09998805911', 1, 2, 24, '934', NULL),
(512, '104575080009', 'Vincent', 'A.', 'Aliwanag', '09058429452', 1, 2, 25, '728', NULL),
(513, '158001080002', 'Angelo', 'D.', 'Antolino', '09394278829', 1, 2, 25, '729', NULL),
(514, '104575080029', 'Ron Fawzi', 'R.', 'Bacani', '09489637212', 1, 2, 25, '730', NULL),
(515, '158001080008', 'Aron', 'P.', 'Basilio', '09075128132', 1, 2, 25, '731', NULL),
(516, '104572080028', 'Rome Jairus', 'P.', 'Bauyon', '09996637693', 1, 2, 25, '732', NULL),
(517, '104595080029', 'Dominique Jan', 'D.', 'Castro', '09395620802', 1, 2, 25, '733', NULL),
(518, '400610150161', 'Pablito II', 'D.', 'Cortez', '09292725077', 1, 2, 25, '734', NULL),
(519, '104572080054', 'John Robert', 'O.', 'Galang', '09281839563', 1, 2, 25, '735', NULL),
(520, '366eb62e', 'Jude Gian Karlo', 'S.', 'Genova', '09183007569', 1, 2, 25, '736', NULL),
(521, '104575080130', 'Elijah', 'M.', 'Gigante', '09122088816', 1, 2, 25, '737', NULL),
(522, '104572080060', 'Marc Jasper', 'C.', 'Indoc', '09501700030', 1, 2, 25, '738', NULL),
(523, '104575080147', 'Christian Heart', 'M.', 'Laxamana', '09109354793', 1, 2, 25, '739', NULL),
(524, '104575080177', 'Joriz', 'R.', 'Medina', '09082982107', 1, 2, 25, '740', NULL),
(525, '104575080192', 'Emmanuel', 'R.', 'Morales', '09229584202', 1, 2, 25, '741', NULL),
(526, '104581080039', 'Cydney John', 'B.', 'Parayo', '09994830019', 1, 2, 25, '742', NULL),
(527, '104605080039', 'Danielle Robert', 'V.', 'Paule', '09479328392', 1, 2, 25, '743', NULL),
(528, '104580080084', 'John Allen', '', 'Quito', '09065183151', 1, 2, 25, '744', NULL),
(529, '104575080227', 'Andrei Lawrence', 'S.', 'Ramirez', '09085936894', 1, 2, 25, '745', NULL),
(530, '104575120101', 'Aaron Luis', 'P.', 'Recio', '09997571408', 1, 2, 25, '746', NULL),
(531, '400610150129', 'John Ivan', 'N.', 'Reyes', '09189594801', 1, 2, 25, '747', NULL),
(532, '400610150074', 'Adrian Joseph', 'R.', 'Sales', '09331781534', 1, 2, 25, '748', NULL),
(533, '136883080540', 'Aldrich', 'R.', 'Sanchez', '09052052315', 1, 2, 25, '749', NULL),
(534, '136619080076', 'Rex', 'M.', 'Soriano', '09284430729', 1, 2, 25, '778', NULL),
(535, '362ab52e', 'Ithan Ross', 'F.', 'Suva', '09999177918', 1, 2, 25, '750', NULL),
(536, '104608080116', 'David Adrian', 'C.', 'Tayag', '09428117067', 1, 2, 25, '751', NULL),
(537, '104575130213', 'Michael Angelo', 'S.', 'Tibor', '09432967101', 1, 2, 25, '752', NULL),
(538, '104577080105', 'Ram Miel', 'L.', 'Tubig', '09460246296', 1, 2, 25, '753', NULL),
(539, '104583080006', 'Juaki Alejandra', 'A.', 'Bansil', '09983665378', 1, 2, 25, '754', NULL),
(540, '104572080032', 'Marianne Joi', 'M.', 'Cabigting', '09267619286', 1, 2, 25, '755', NULL),
(541, '104575080051', 'Yshlie', 'S.', 'Callueng', '09227152500', 1, 2, 25, '756', NULL),
(542, '104580080026', 'Aby Jaydine', 'L.', 'Conde', '09107837807', 1, 2, 25, '757', NULL),
(543, '400610150136', 'Danica Mae', 'S.', 'Cuevas', '09186142685', 1, 2, 25, '758', NULL),
(544, '104575080095', 'Jeminanh Keith', 'F.', 'Dela Torre', '09192360883', 1, 2, 25, '759', NULL),
(545, '104595080053', 'Caitlyn Joelle', 'S.', 'Diwa', '09057794604', 1, 2, 25, '760', NULL),
(546, '104575080128', 'Rhycel', 'C.', 'Gaza', '09198769270', 1, 2, 25, '761', NULL),
(547, '104575080135', 'Jireh Alexis', 'G.', 'Guevarra', '09332104291', 1, 2, 25, '762', NULL),
(548, '104595080075', 'Jenellah Paola', 'N.', 'Guiao', '09398140471', 1, 2, 25, '763', NULL),
(549, '104572080075', 'Angelika', 'R.', 'Madrid', '09399428677', 1, 2, 25, '764', NULL),
(550, '104580140051', 'Kaia Gianelle', 'L.', 'Oczon', '09276728340', 1, 2, 25, '765', NULL),
(551, '104595080131', 'Clara Julia', 'V.', 'Peñaflor', '09297305171', 1, 2, 25, '766', NULL),
(552, '104601080023', 'Jinpy Marie', 'R.', 'Peñaflor', '09956527448', 1, 2, 25, '767', NULL),
(553, '104576120066', 'Alessandra', 'D.', 'Rillo', '09106301203', 1, 2, 25, '768', NULL),
(554, '104612080018', 'Arabela', 'C.', 'Rodriguez', '09212303374', 1, 2, 25, '769', NULL),
(555, '104584080023', 'Marjorie', 'R.', 'Ruiz', '09097139824', 1, 2, 25, '770', NULL),
(556, '104572080103', 'Patrice Ashley Magne', 'N.', 'Sangalang', '09478619381', 1, 2, 25, '771', NULL),
(557, '400610150208', 'Ross Gezreel', 'B.', 'Silva', '09102200209', 1, 2, 25, '772', NULL),
(558, '109747080037', 'Renz Nicole', 'F.', 'Torres', '09424905787', 1, 2, 25, '773', NULL);
INSERT INTO `tbl_student_info` (`stud_id`, `stud_id_number`, `stud_fn`, `stud_mn`, `stud_ln`, `stud_parent_number`, `stud_active`, `yr_id`, `sec_id`, `rfid_id`, `img`) VALUES
(559, '104575080297', 'Jasmine Anne', 'P.', 'Trajano', '09483495177', 1, 2, 25, '774', NULL),
(560, '104575080299', 'Fauziyah Marie', 'C.', 'Trinidad', '09297238210', 1, 2, 25, '775', NULL),
(561, '400610150104', 'Hannah', 'G.', 'Vitug', '09274628619', 1, 2, 25, '776', NULL),
(562, '104575130212', 'Johna Isabel', 'R.', 'Yao', '09473910164', 1, 2, 25, '777', NULL),
(563, '104589070008', 'Richard', 'C.', 'Baylon', '09255049214', 1, 3, 26, '935', NULL),
(564, '400610150343', 'Carlos Miguel', 'M.', 'Dabu', '09206401521', 1, 3, 26, '936', NULL),
(565, '104575070086', 'Tristan', 'G.', 'Dela Rosa', '09234573375', 1, 3, 26, '937', NULL),
(566, '104595070076', 'Kim', 'D.', 'Macatdon', '09463708586', 1, 3, 26, '938', NULL),
(567, '104608070078', 'Daniell Joseph', 'R.', 'Mallari', '09286357850', 1, 3, 26, '939', NULL),
(568, '104595070086', 'Joel Hans Luis', 'A.', 'Manalili', '09996633252', 1, 3, 26, '940', NULL),
(569, '400610150347', 'Joshua Marc', 'T.', 'Manuel', '09208198730', 1, 3, 26, '941', NULL),
(570, '400610150348', 'Dominique John', 'C.', 'Miranda', '09196258217', 1, 3, 26, '942', NULL),
(571, '104608070098', 'Gerico Moses', 'M.', 'Nocon', '09106924912', 1, 3, 26, '943', NULL),
(572, '104595070118', 'Aris Michael', 'R.', 'Perillo', '09287975092', 1, 3, 26, '944', NULL),
(573, '104595070139', 'Rafael Jade', 'M.', 'Roxas', '09202992113', 1, 3, 26, '945', NULL),
(574, '104575070282', 'Aaron', 'V.', 'Sandoval', '09159807577', 1, 3, 26, '946', NULL),
(575, '104584070038', 'Valor Vladimir', 'V.', 'Tindugan', '09994097181', 1, 3, 26, '947', NULL),
(576, '104572070001', 'Julianne Arielle', 'M.', 'Abordo', '09502508486', 1, 3, 26, '948', NULL),
(577, '104595070004', 'Danielle Nicole', 'N.', 'Aguilar', '09085385366', 1, 3, 26, '949', NULL),
(578, '104609070004', 'Micah Venice', 'P.', 'Agustin', '09219646174', 1, 3, 26, '950', NULL),
(579, '104575070021', 'Jasmine', 'T.', 'Baligod', '09296698984', 1, 3, 26, '951', NULL),
(580, '104575070030', 'Lynniel Faye', 'V.', 'Bartolo', '09497019171', 1, 3, 26, '952', NULL),
(581, '104575070030', 'Tatiana', 'C.', 'Bartolome', '09298472488', 1, 3, 26, '953', NULL),
(582, '104575070051', 'Marlgaux Kaye', 'R.', 'Castro', '09495887760', 1, 3, 26, '954', NULL),
(583, '104589070028', 'Nalley Grace', 'R.', 'Cubian', '09503840281', 1, 3, 26, '955', NULL),
(584, '104575070065', 'Janna Mae', 'D.', 'Custodio', '09994201685', 1, 3, 26, '956', NULL),
(585, '104595070041', 'Reizel Anne', 'C.', 'De Guzman', '09293950853', 1, 3, 26, '957', NULL),
(586, '104603070021', 'Trisha Nadine', 'L.', 'Fajardo', '09216402798', 1, 3, 26, '958', NULL),
(587, '104582070008', 'Sophia Angelika', 'D.', 'Fausto', '09287711873', 1, 3, 26, '959', NULL),
(588, '104575070103', 'Bernadette', 'P.', 'Favila', '09212090547', 1, 3, 26, '960', NULL),
(589, '400610150366', 'Ma. Joanna', 'J.', 'Gloria', '09174714910', 1, 3, 26, '961', NULL),
(590, '136664070271', 'Ann Jenireene', 'D.', 'Gomez', '09178569349', 1, 3, 26, '962', NULL),
(591, '104595070062', 'Janna Lyn', 'E.', 'Hernandez', '09486983485', 1, 3, 26, '963', NULL),
(592, '104575070148', 'Ylena', 'D.', 'Larraquel', '09186502763', 1, 3, 26, '964', NULL),
(593, '400610150370', 'Jinnah', 'L.', 'Laxamana', '09302620520', 1, 3, 26, '965', NULL),
(594, '104575070155', 'Nian Kris', 'V.', 'Luzano', '09087107645', 1, 3, 26, '966', NULL),
(595, '105995070072', 'Rea', 'G.', 'Manalang', '09493102049', 1, 3, 26, '967', NULL),
(596, '400610150373', 'Judea Ann', 'S.', 'Matibag', '09215987505', 1, 3, 26, '968', NULL),
(597, '400610150374', 'Andrea', 'B.', 'Mercado', '09193447619', 1, 3, 26, '969', NULL),
(598, '104595070102', 'Trisha Denisse', 'D.', 'Obrador', '09193420492', 1, 3, 26, '970', NULL),
(599, '104580070063', 'Minerva Gwen', 'B.', 'Paguinto', '09397840978', 1, 3, 26, '971', NULL),
(600, '104609070080', 'Erikha Julliana', 'D.', 'Pantig', '09082449006', 1, 3, 26, '972', NULL),
(601, '104595070112', 'Christine Fatima', 'L.', 'Pascual', '09102935595', 1, 3, 26, '973', NULL),
(602, '104575070233', 'Charrissa Fatima', 'R.', 'Penaflor', '09077572332', 1, 3, 26, '974', NULL),
(603, '104595070116', 'Allyssa', 'A.', 'Perales', '09182526771', 1, 3, 26, '975', NULL),
(604, '104593070057', 'Princess Madel', 'L.', 'Puno', '09504404432', 1, 3, 26, '976', NULL),
(605, '104595070134', 'Trixie Anne Mae', 'L.', 'Reyes', '09494697913', 1, 3, 26, '977', NULL),
(606, '104595070146', 'Charlene', 'Y.', 'Sanchez', '09994116778', 1, 3, 26, '978', NULL),
(607, '104605070034', 'Rowenalen', 'R.', 'Santos', '09205587943', 1, 3, 26, '979', NULL),
(608, '104595070152', 'Ryane Alexandra', 'B.', 'Santos', '09996651424', 1, 3, 26, '980', NULL),
(609, '104575070303', 'Nicole Ann', 'M.', 'Sevilla', '09072410292', 1, 3, 26, '981', NULL),
(610, '104575070327', 'Justine', 'M.', 'Tayo', '09266674595', 1, 3, 26, '982', NULL),
(611, '104572070104', 'Alyssa Reavin', 'M.', 'Torres', '09162632433', 1, 3, 26, '983', NULL),
(612, '109677070017', 'Paolo', 'T.', 'Bañaga', '09497570525', 1, 3, 27, '1080', NULL),
(613, '104580070013', 'John Paul', 'S.', 'Broquil', '09984431039', 1, 3, 27, '1081', NULL),
(614, '104575070053', 'Einnor Jon', 'G.', 'Casupanan', '09155441285', 1, 3, 27, '1082', NULL),
(615, '104637070037', 'Lorenz Cel', 'C.', 'Conanan', '09305495312', 1, 3, 27, '1083', NULL),
(616, '104575070068', 'John Ysrael', 'D.', 'Dasal', '09156414271', 1, 3, 27, '1084', NULL),
(617, '104575070070', 'Angelo', 'L.', 'David', '09215965221', 1, 3, 27, '1085', NULL),
(618, '104575070088', 'Vincent Gabriel', 'A.', 'Diaz', '09198697513', 1, 3, 27, '1086', NULL),
(619, '104575070090', 'Kenneth', 'M.', 'Dimayuga', '09063473730', 1, 3, 27, '1087', NULL),
(620, '400610150267', 'Ken Raiden', 'I.', 'Dulalia', '09336098620', 1, 3, 27, '1088', NULL),
(621, '104575070101', 'Michael Angelo', 'S.', 'Eugenio', '09483493776', 1, 3, 27, '1089', NULL),
(622, '104575070109', 'Kylle Mackay', 'M.', 'Flores', '09499632388', 1, 3, 27, '1090', NULL),
(623, '104575070140', 'LA Kyle', 'G.', 'Labio', '09159081980', 1, 3, 27, '1091', NULL),
(624, '106049070054', 'Ian Paulo', 'V.', 'Layug', '09287996520', 1, 3, 27, '1092', NULL),
(625, '104572070059', 'Joseph', 'B.', 'Layug', '09985396374', 1, 3, 27, '1093', NULL),
(626, '400610150278', 'Markenjie', 'B.', 'Mananquil', '09278820612', 1, 3, 27, '1094', NULL),
(627, '104575070193', 'Ralph Neil', 'E.', 'Manuel', '09275057554', 1, 3, 27, '1095', NULL),
(628, '104575070197', 'Larry James', 'T.', 'Masangkay', '09289007262', 1, 3, 27, '1096', NULL),
(629, '104595070100', 'Brix John', 'S.', 'Naguiat', '09205666534', 1, 3, 27, '1097', NULL),
(630, '104595070094', 'Dante Jr.', 'J.', 'Moncupa', '09296413413', 1, 3, 27, '1098', NULL),
(631, '104575070223', 'Jonathan Jr', 'K.', 'Pangilinan', '09484535172', 1, 3, 27, '1099', NULL),
(632, '104575070258', 'Jandrel', 'G.', 'Reyes', '09127197414', 1, 3, 27, '1100', NULL),
(633, '104585070024', 'Glenn Allan', '', 'Ronquillo', '09124196956', 1, 3, 27, '1101', NULL),
(634, '104580070072', 'Richel Jet', 'P.', 'Salvador', '09202753561', 1, 3, 27, '1102', NULL),
(635, '104575070315', 'Carl Matthew', 'Q.', 'Sumpay', '09108903214', 1, 3, 27, '1103', NULL),
(636, '104580070086', 'Aaron James', 'R.', 'Tajonera', '09302112522', 1, 3, 27, '1104', NULL),
(637, '104585070005', 'Mikaella', 'l.', 'Aguilar', '09298484989', 1, 3, 27, '1105', NULL),
(638, '104593120118', 'Celine Jane', 'B.', 'Amaranto', '09284425697', 1, 3, 27, '1106', NULL),
(639, '104575070014', 'Christine Grace', 'V.', 'Antonio', '09499813454', 1, 3, 27, '1107', NULL),
(640, '104572070014', 'Lara Mae', 'S.', 'Balagtas', '09207199475', 1, 3, 27, '1108', NULL),
(641, '104575070040', 'Paula Joy Andrea', 'P.', 'Cabiling', '09185063573', 1, 3, 27, '1109', NULL),
(642, '400610150414', 'Abbygail Joy', 'B.', 'Carlos', '09485557858', 1, 3, 27, '1110', NULL),
(643, '104595070043', 'Agatha Karyl Jaynielle', 'L.', 'Dela Fuente', '09065152961', 1, 3, 27, '1111', NULL),
(644, '104572130009', 'Crissa Mae Gayle', 'D.', 'Digma', '09356582783', 1, 3, 27, '1112', NULL),
(645, '104575070132', 'Arianna Franczeska', 'S.', 'Guese', '09151717942', 1, 3, 27, '1113', NULL),
(646, '104608070064', 'Khaye Anne', 'T.', 'Ilagan', '09358085456', 1, 3, 27, '1114', NULL),
(647, '104575070137', 'Liza Denise', 'D.', 'Jimenez', '09994906937', 1, 3, 27, '1115', NULL),
(648, '104595070072', 'Robeline', 'C.', 'Macalinao', '09273187334', 1, 3, 27, '1116', NULL),
(649, '104575070206', 'Fatima', 'E.', 'Muli', '09188764678', 1, 3, 27, '1117', NULL),
(650, '400610150331', 'Alyssa Shane', 'T.', 'Naguiat', '09396741398', 1, 3, 27, '1118', NULL),
(651, '104608070097', 'Ruth', 'N', 'Nimo', '09202676241', 1, 3, 27, '1119', NULL),
(652, '400610150424', 'Lalih Micole', 'O.', 'Ordaz', '09328684220', 1, 3, 27, '1120', NULL),
(653, '104575120395', 'Jules Ashley', 'S.', 'Parayo', '09304091635', 1, 3, 27, '1121', NULL),
(654, '104575070230', 'Karen', 'L.', 'Paule', '09390254891', 1, 3, 27, '1122', NULL),
(655, '104572070092', 'Razzel Mia', 'B.', 'Rivera', '09231782468', 1, 3, 27, '1123', NULL),
(656, '400610150338', 'Marie Andrea', 'D.', 'Tayag', '09075740043', 1, 3, 27, '1124', NULL),
(657, '104575070329', 'Alyssa Marie', 'D.', 'Tia', '09092252952', 1, 3, 27, '1125', NULL),
(658, '400610150387', 'Christian Samee', 'G.', 'Acoba', '09182270892', 1, 3, 28, '984', NULL),
(659, '401381151209', 'Justin James', 'D.', 'Agpoon', '09778401130', 1, 3, 28, '985', NULL),
(660, '104575070031', 'Vjay', 'A.', 'Bartolo', '09227683685', 1, 3, 28, '986', NULL),
(661, '400610150305', 'Rayniel', 'L.', 'Bitonio', '09216657270', 1, 3, 28, '987', NULL),
(662, '104573070004', 'Soliman Jr.', 'B', 'Blanco', '09504520235', 1, 3, 28, '988', NULL),
(663, '104584070009', 'Agustin Ryan', 'N.', 'Bucud', '09075764165', 1, 3, 28, '989', NULL),
(664, '104595070025', 'Aldrei Critchlee', 'S.', 'Bucud', '09203423890', 1, 3, 28, '990', NULL),
(665, '104572070027', 'Daryl', 'S.', 'Conanan', '09954496466', 1, 3, 28, '1079', NULL),
(666, '104575070073', 'Ruperto III', 'A.', 'David', '09208624251', 1, 3, 28, '992', NULL),
(667, '104575070085', 'Ronaldo Jr.', 'N.', 'Dela Rosa', '09397944441', 1, 3, 28, '993', NULL),
(668, '400610150435', 'Llorhenz Klein', 'H.', 'Edillor', '09107808895', 1, 3, 28, '994', NULL),
(669, '104595070054', 'Johnrick Marc', 'T.', 'Estrada', '09505072235', 1, 3, 28, '995', NULL),
(670, '104575070115', 'John Arvie', 'R.', 'Gacutan', '09173347099', 1, 3, 28, '996', NULL),
(671, '104580070035', 'Chester', 'S.', 'Garcia', '09156182630', 1, 3, 28, '997', NULL),
(672, '400610150396', 'Jonas', 'S.', 'Garcia', '09202753561', 1, 3, 28, '998', NULL),
(673, '104575070129', 'Dave Joshua', 'S.', 'Genova', '09183007569', 1, 3, 28, '999', NULL),
(674, '104572070054', 'Simon James', 'P.', 'Kallio', '09328693958', 1, 3, 28, '1000', NULL),
(675, '400610150273', 'John Ivan Rei', 'M.', 'Koike', '09298530327', 1, 3, 28, '1001', NULL),
(676, '104592070040', 'John Paul', 'R.', 'Macaspac', '09192351749', 1, 3, 28, '1002', NULL),
(677, '104575070212', 'Kent Bryan', 'A.', 'Nieto', '09475461504', 1, 3, 28, '1003', NULL),
(678, '400610150404', 'Allen', 'T.', 'Quilao', '09394973254', 1, 3, 28, '1004', NULL),
(679, '104572070093', 'Vincent', 'D.', 'Robles', '09501698645', 1, 3, 28, '1005', NULL),
(680, '400610150351', 'Brighim Laurence', 'A.', 'Ronquillo', '09487569179', 1, 3, 28, '1006', NULL),
(681, '104575070311', 'Jet Zachary', 'G.', 'Soriano', '09282514394', 1, 3, 28, '1007', NULL),
(682, '400610150408', 'Ed Angelo', 'M.', 'Tamayo', '09477309454', 1, 3, 28, '1008', NULL),
(683, '300718140007', 'Julian Danielle', 'R.', 'Villanueva', '09167037022', 1, 3, 28, '1009', NULL),
(684, '104575070352', 'Deo Angelo', 'M.', 'Vitug', '09205587714', 1, 3, 28, '1010', NULL),
(685, '104583070087', 'Aecee', 'O.', 'Waje', '09205667451', 1, 3, 28, '1011', NULL),
(686, '104595070003', 'Jamilah', 'M.', 'Abella', '09193621637', 1, 3, 28, '1012', NULL),
(687, '104575070026', 'Clarisse Anne', 'A.', 'Bantay', '09183519849', 1, 3, 28, '1013', NULL),
(688, '104572070017', 'Angel Gabrielle', 'G.', 'Bersal', '09469510818', 1, 3, 28, '1014', NULL),
(689, '107126070080', 'Missy', 'A.', 'Calma', '09276457251', 1, 3, 28, '1015', NULL),
(690, '104575070048', 'Jamella Pauline', 'A.', 'Capuli', '09291259366', 1, 3, 28, '1016', NULL),
(691, '104575070119', 'Jenavin Elleina', 'R.', 'Gallardo', '09208294793', 1, 3, 28, '1017', NULL),
(692, '104575070124', 'Kris Wella Jane', 'T.', 'Garcia', '09288013059', 1, 3, 28, '1018', NULL),
(693, '104608070071', 'Ayumi', 'A.', 'Lintag', '09461852076', 1, 3, 28, '1019', NULL),
(694, '104575070198', 'Kristine Joy', 'D.', 'Medina', '09089235697', 1, 3, 28, '1020', NULL),
(695, '104608070089', 'Alexandrea', 'M.', 'Miranda', '09291538299', 1, 3, 28, '1021', NULL),
(696, '104575070214', 'Jessica Jean', 'R.', 'Ocampo', '09205667008', 1, 3, 28, '1022', NULL),
(697, '104574070019', 'Nicole Owen', 'M.', 'Regala', '09235787245', 1, 3, 28, '1023', NULL),
(698, '400610150464', 'Lauren Daphnie', 'B.', 'Sapasap', '09287975064', 1, 3, 28, '1024', NULL),
(699, '400610150297', 'Erika Jane', 'V.', 'Seno', '09094574165', 1, 3, 28, '1025', NULL),
(700, '104575070299', 'Hailey Jade', 'D.', 'Serrano', '09153519116', 1, 3, 28, '1026', NULL),
(701, '104575070321', 'Mae Justine Joy', 'I.', 'Tajonera', '09195159507', 1, 3, 28, '1027', NULL),
(702, '104575070333', 'Erica Bianca', 'M.', 'Torres', '09070980230', 1, 3, 28, '1028', NULL),
(703, '104575070343', 'Rica Mae', 'M.', 'Venegas', '09283898162', 1, 3, 28, '1030', NULL),
(704, '104575070345', 'Mikaela Gelli', 'C.', 'Vergara', '09196113686', 1, 3, 28, '1029', NULL),
(705, '104609120016', 'Rod Jhon', 'G.', 'Agustin', '09182516778', 1, 3, 29, '1031', NULL),
(706, '104575070019', 'Dyun Louise', 'R.', 'Bacani', '09773931660', 1, 3, 29, '1032', NULL),
(707, '104575070020', 'Paulo', 'P.', 'Bacani', '09097138515', 1, 3, 29, '1033', NULL),
(708, '104595070012', 'Christian Jay', 'S.', 'Balboa', '09093600404', 1, 3, 29, '1034', NULL),
(709, '400610150389', 'Kevin Jerome', 'D.', 'Basco', '09255069005', 1, 3, 29, '1035', NULL),
(710, '158001070003', 'Mark Angelo', 'L.', 'Bauyon', '09425962616', 1, 3, 29, '1036', NULL),
(711, '104592070013', 'Jeric', 'C.', 'Caubang', '09216895348', 1, 3, 29, '1037', NULL),
(712, '104581070011', 'John Patrick', 'L.', 'Celocia', '09272571386', 1, 3, 29, '1038', NULL),
(713, '104575070074', 'Archie', '', 'Dayao', '09073356700', 1, 3, 29, '1039', NULL),
(714, '104575070075', 'Mickos', 'F.', 'De Guzman', '09219578063', 1, 3, 29, '1040', NULL),
(715, '107124070182', 'Yce Jabez', 'm.', 'De Leon', '09277278350', 1, 3, 29, '1041', NULL),
(716, '104575070100', 'Mark Spencer', 'P.', 'Espinosa', '09433357709', 1, 3, 29, '1042', NULL),
(717, '400610150437', 'Ivan Louis', 'S.', 'Garcia', '09065622107', 1, 3, 29, '1043', NULL),
(718, '104572070046', 'Mark Nicholas', 'A.', 'Garcia', '09276069870', 1, 3, 29, '1044', NULL),
(719, '104592070034', 'John Arvie', 'T.', 'Gonzales', '09194802850', 1, 3, 29, '1045', NULL),
(720, '107141070095', 'Warren', 'L.', 'Matias', '09077446409', 1, 3, 29, '1046', NULL),
(721, '400610150279', 'John Philip Lester', 'R.', 'Parayo', '09107774629', 1, 3, 29, '1047', NULL),
(722, '104579070017', 'Emmanuel', 'D.', 'Peregrino', '09369849145', 1, 3, 29, '1048', NULL),
(723, '104575070243', 'Jeyrhald Ryand', 'F.', 'Pruna', '09065078719', 1, 3, 29, '1049', NULL),
(724, '104592070065', 'Mark Lester', 'F.', 'Reyes', '09494697856', 1, 3, 29, '1050', NULL),
(725, '104575070271', 'Mark Christian Adam', 'R.', 'Roncal', '09289668900', 1, 3, 29, '1051', NULL),
(726, '104572070101', 'R-Yhel', 'L.', 'Tala', '09077619554', 1, 3, 29, '1052', NULL),
(727, '400610150448', 'Jhon Kelly', 'D.', 'Tantiangco', '09088127147', 1, 3, 29, '1053', NULL),
(728, '104608070129', 'Fernando III', 'M.', 'Vergara', '09303715670', 1, 3, 29, '1054', NULL),
(729, '400610150322', 'Emmanuel Josh', 'N.', 'Villanueva', '09196988373', 1, 3, 29, '1055', NULL),
(730, '104575070356', 'Carl Justine', 'M.', 'Yao', '09470947743', 1, 3, 29, '1056', NULL),
(731, '104595070176', 'Godwin', 'C.', 'Zacarias', '09103570961', 1, 3, 29, '1057', NULL),
(732, '104583070001', 'Joycee Mariah', 'T.', 'Agoncillo', '09283282879', 1, 3, 29, '1058', NULL),
(733, '400610150326', 'Llana Margarette', 'R.', 'Aniciete', '09233365643', 1, 3, 29, '1059', NULL),
(734, '104595070019', 'Crizza Jenine', 'A.', 'Bayas', '09493102272', 1, 3, 29, '1060', NULL),
(735, '104593070014', 'Karyll Mae', 'M.', 'Castañeda', '09238318543', 1, 3, 29, '1061', NULL),
(736, '400610150416', 'Julia Erica', 'B.', 'Dabu', '09982677949', 1, 3, 29, '1062', NULL),
(737, '104575070066', 'Veronica', 'P.', 'Dabu', '09124834921', 1, 3, 29, '1063', NULL),
(738, '104575070067', 'Pamela Ann', 'P.', 'Dagun', '09129625901', 1, 3, 29, '1064', NULL),
(739, '400610150418', 'Maria Sophia Nicole', 'B.', 'De Guzman', '09398172331', 1, 3, 29, '1065', NULL),
(740, '107128130172', 'Daniella Paula', 'P.', 'De Ocampo', '09985454396', 1, 3, 29, '1066', NULL),
(741, '194575070084', 'Kyla Mae', 'B.', 'Dela Cruz', '09434819927', 1, 3, 29, '1067', NULL),
(742, '104584070012', 'Uriah', 'E.', 'Dela Cruz', '09231939146', 1, 3, 29, '1068', NULL),
(743, '104575070149', 'Michaela Luis', 'P.', 'Laxa', '09124808186', 1, 3, 29, '1069', NULL),
(744, '104580070044', 'Katrina Rose', 'C.', 'Legaspi', '09495902643', 1, 3, 29, '1070', NULL),
(745, '104572070063', 'Mikaella Jane', 'V.', 'Libo', '09994116780', 1, 3, 29, '1071', NULL),
(746, '104608070092', 'Bea Bianca', 'P.', 'Nicdao', '09087107269', 1, 3, 29, '1072', NULL),
(747, '104575070235', 'Marie Francoise', 'A.', 'Peñaflor', '09291179626', 1, 3, 29, '1073', NULL),
(748, '400610150463', 'Hunnylyn', 'D.', 'Quiambao', '09501524128', 1, 3, 29, '1074', NULL),
(749, '104580070069', 'Imee Ross', 'U.', 'Roxas', '09293256555', 1, 3, 29, '1075', NULL),
(750, '104585070077', 'Angelica Mae', 'M.', 'Suing', '09193724985', 1, 3, 29, '1076', NULL),
(751, '104575070317', 'Angelica', 'C.', 'Susi', '09073214364', 1, 3, 29, '1077', NULL),
(752, '104575070332', 'Mira Claire', 'D.', 'Tolentino', '09105652074', 1, 3, 29, '1078', NULL),
(753, '400160150613', 'Ethan Neil', 'C.', 'Asada', '09395810618', 1, 4, 30, '587', NULL),
(754, '109677060020', 'Lourd Albert', 'T.', 'Bañaga', '09493947144', 1, 4, 30, '588', NULL),
(755, '104576060010', 'Monn Clevin', 'B.', 'David', '09296051772', 1, 4, 30, '589', NULL),
(756, '104595060041', 'Troy Melvin', 'F.', 'Diesta', '09460286916', 1, 4, 30, '590', NULL),
(757, '104611060023', 'Gabriel Lloyd', 'C.', 'Malinay', '09155218968', 1, 4, 30, '591', NULL),
(758, '104575060235', 'Patrick John', 'S.', 'Ocampo', '09772178349', 1, 4, 30, '592', NULL),
(759, '104575060252', 'John Melvin', 'B.', 'Petito', '09309202887', 1, 4, 30, '593', NULL),
(760, '104575060027', 'Rencel Hope', 'B.', 'Bañez', '09186207864', 1, 4, 30, '594', NULL),
(761, '104575060030', 'Louisse Anne', 'A.', 'Bantay', '09183519849', 1, 4, 30, '595', NULL),
(762, '104575060045', 'Gwyneth', 'A.', 'Buensuceso', '09159233290', 1, 4, 30, '596', NULL),
(763, '104606060014', 'Andreana', 'A.', 'Calica', '09215039668', 1, 4, 30, '597', NULL),
(764, '104575060054', 'Marie Beatrice', 'S.', 'Calixta', '09175178397', 1, 4, 30, '598', NULL),
(765, '104592060010', 'Frances Ann', 'L.', 'Canlas', '09506761626', 1, 4, 30, '599', NULL),
(766, '104575060078', 'Lailanie', 'A.', 'Cruz', '09093638570', 1, 4, 30, '600', NULL),
(767, '104595060032', 'Delma Carel', 'G.', 'Dabu', '09480384034', 1, 4, 30, '601', NULL),
(768, '104573060010', 'Renshelle', 'S.', 'Danag', '09128567599', 1, 4, 30, '602', NULL),
(769, '104595060037', 'Mariah Dominique', 'M.', 'Dela Peña', '09098288763', 1, 4, 30, '603', NULL),
(770, '104575060129', 'Allysa Kelly', 'M.', 'Francisco', '09324832814', 1, 4, 30, '604', NULL),
(771, '104575060135', 'Christine Dane', 'T.', 'Garcia', '09209697968', 1, 4, 30, '605', NULL),
(772, '104595120001', 'Mikaela Angela', 'Q.', 'Guevarra', '09151781113', 1, 4, 30, '606', NULL),
(773, '104575060160', 'Danica', 'C.', 'Jaraba', '09176001243', 1, 4, 30, '607', NULL),
(774, '104575060163', 'Maan', 'F.', 'Josue', '09204986504', 1, 4, 30, '608', NULL),
(775, '104608060065', 'Lena Gerwina', 'P.', 'Larin', '09226579100', 1, 4, 30, '609', NULL),
(776, '104595060085', 'Regine', 'E.', 'Lopez', '09103148560', 1, 4, 30, '610', NULL),
(777, '104595060107', 'Joan Emmanuelle', 'A.', 'Meneses', '09174793933', 1, 4, 30, '611', NULL),
(778, '104572060061', 'Toshka', 'R.', 'Mercado', '09289746883', 1, 4, 30, '612', NULL),
(779, '104575060225', 'Paula Marie', 'T.', 'Miranda', '09107023794', 1, 4, 30, '613', NULL),
(780, '104608060093', 'Paula Isabelle', 'P.', 'Nicdao', '09394487004', 1, 4, 30, '614', NULL),
(781, '104595060120', 'Liezel Aubrey', 'C.', 'Panlaqui', '09985401504', 1, 4, 30, '615', NULL),
(782, '104601060021', 'Bea', 'V.', 'Peñaflor', '09193019998', 1, 4, 30, '616', NULL),
(783, '104572060083', 'Leila', 'D.', 'Robles', '09501698945', 1, 4, 30, '617', NULL),
(784, '222501060287', 'Alynna Mhay', 'S.', 'Simon', '09100345349', 1, 4, 30, '618', NULL),
(785, '104595060156', 'Leean Jaines', 'E.', 'Soliman', '09107830296', 1, 4, 30, '619', NULL),
(786, '104592060079', 'Khristine Keith', 'R.', 'Taganahan', '09187350574', 1, 4, 30, '620', NULL),
(787, '107122060183', 'Pauline Faith', 'I.', 'Talampas', '09082978445', 1, 4, 30, '621', NULL),
(788, '104595060168', 'Pallas Athena', 'E.', 'Tolentino', '09485133347', 1, 4, 30, '622', NULL),
(789, '104608060128', 'Rozel Joie', 'V.', 'Torio', '09395809819', 1, 4, 30, '623', NULL),
(790, '104575060343', 'Nichole Ella Khae', 'B.', 'Trinidad', '09773339921', 1, 4, 30, '624', NULL),
(791, '104595060175', 'Christa Jannah', 'A.', 'Vergara', '09165597295', 1, 4, 30, '625', NULL),
(792, '104575060360', 'Audrey Lyn', 'U.', 'Vibar', '09296830200', 1, 4, 30, '626', NULL),
(793, '104575060360', 'Alyssa', 'C.', 'Yuvienco', '09165847557', 1, 4, 30, '627', NULL),
(794, '104595060008', 'Brix Harold', 'R.', 'Baluyot', '09403728226', 1, 4, 31, '441', NULL),
(795, '104575060023', 'Ryan Jay', 'S.', 'Baluyut', '09955024028', 1, 4, 31, '442', NULL),
(796, '104595060009', 'Kim Paul', 'R.', 'Bandong', '09216238554', 1, 4, 31, '443', NULL),
(797, '104575060035', 'Lance Evander', 'T.', 'Basa', '09071097947', 1, 4, 31, '444', NULL),
(798, '104580060035', 'Louise', 'R.', 'Dela Rosa', '09998502292', 1, 4, 31, '445', NULL),
(799, '104595060039', 'Albert Paul', 'F.', 'Diego', '09302631073', 1, 4, 31, '446', NULL),
(800, '104575060143', 'Jovenz', 'A.', 'Gatchula', '09063103399', 1, 4, 31, '447', NULL),
(801, '104608060058', 'Clarence', 'V.', 'Gigante', '09183745226', 1, 4, 31, '448', NULL),
(802, '400610150575', 'Eildriz Niño', 'A.', 'Guanzon', '09193549615', 1, 4, 31, '449', NULL),
(803, '104595060074', 'Liam Lattrell', 'R.', 'Lacson', '09176903955', 1, 4, 31, '450', NULL),
(804, '400610150528', 'Justine Carl', 'C.', 'Mallari', '09462979659', 1, 4, 31, '451', NULL),
(805, '104595060098', 'John Kayl Cedric', 'Q.', 'Mañalac', '09954498434', 1, 4, 31, '452', NULL),
(806, '104575060203', 'Carl Angelo', 'R.', 'Manalansan', '09061272061', 1, 4, 31, '453', NULL),
(807, '104575060283', 'Jonh Ludrick', 'G.', 'Reyes', '09127197414', 1, 4, 31, '454', NULL),
(808, '104575060295', 'John Carlo', 'R.', 'Rodriguez', '09105742881', 1, 4, 31, '455', NULL),
(809, '104595060150', 'John Harvey', 'R.', 'Santos', '09493904616', 1, 4, 31, '456', NULL),
(810, '104595060154', 'John Lorence', 'D.', 'Serrano', '09296813346', 1, 4, 31, '457', NULL),
(811, '104575060330', 'Kian', 'D.', 'Sobreviñas', '09291106603', 1, 4, 31, '458', NULL),
(812, '104575060335', 'Kyle Anthony II', 'R.', 'Sta. Cruz', '09296458948', 1, 4, 31, '459', NULL),
(813, '104595060166', 'Lyndon Cris', 'O.', 'Tamoria', '09206273965', 1, 4, 31, '460', NULL),
(814, '104592060001', 'Cristine Lei', 'G.', 'Adato', '09104879383', 1, 4, 31, '461', NULL),
(815, '400610150489', 'Dane Bernadette', 'C.', 'Arrozal', '09468823398', 1, 4, 31, '462', NULL),
(816, '106049060014', 'Maria Alyanna', 'B.', 'Baluyut', '09125172469', 1, 4, 31, '463', NULL),
(817, '400610150493', 'Anjelica Jesly', 'B.', 'Brosoto', '09298247757', 1, 4, 31, '464', NULL),
(818, '104583060031', 'Dimple Nicole', 'S.', 'Evangelista', '09321139848', 1, 4, 31, '465', NULL),
(819, '104608060049', 'Patricia Miles', 'M.', 'Fajardo', '09494690673', 1, 4, 31, '466', NULL),
(820, '104575060126', 'Tricia Shane', 'M.', 'Flores', '09499632388', 1, 4, 31, '467', NULL),
(821, '104575060137', 'Crystal Gayle', 'M.', 'Garcia', '08105128822', 1, 4, 31, '468', NULL),
(822, '104608060056', 'Ma. Jorina Elaine', 'A.', 'Gaza', '09982674867', 1, 4, 31, '469', NULL),
(823, '104580060050', 'Angellete', 'R.', 'Gopez', '09198647639', 1, 4, 31, '470', NULL),
(824, '104575060155', 'Isabela Joy', 'R.', 'Guzman', '09189200954', 1, 4, 31, '471', NULL),
(825, '104584060018', 'Apple Jean', 'D.', 'Jaime', '09076550061', 1, 4, 31, '472', NULL),
(826, '104575060179', 'Jacquelyn', 'M.', 'Lopez', '09070969125', 1, 4, 31, '473', NULL),
(827, '104576060020', 'Ellaiza Marie', 'B.', 'Mallari', '09079340596', 1, 4, 31, '474', NULL),
(828, '104603060023', 'Liezel', 'F.', 'Mallari', '09462719165', 1, 4, 31, '475', NULL),
(829, '104583060056', 'Abigail', 'H.', 'Mangahas', '09062538564', 1, 4, 31, '476', NULL),
(830, '104575060211', 'Aubrey Jestine', 'T.', 'Matitu', '09083485198', 1, 4, 31, '477', NULL),
(831, '104575060226', 'Maria Ederlin', 'M.', 'Morales', '09079688887', 1, 4, 31, '478', NULL),
(832, '104575060230', 'Johanna Marie', 'M.', 'Naguiat', '09278901979', 1, 4, 31, '479', NULL),
(833, '104575060231', 'Rheena Joyce', 'F.', 'Nantes', '09087330999', 1, 4, 31, '480', NULL),
(834, '104592060059', 'Ann Jorjette', 'R.', 'Omega', '09392843541', 1, 4, 31, '481', NULL),
(835, '400610150604', 'Andrea', 'P.', 'Racho', '09228542707', 1, 4, 31, '482', NULL),
(836, '104575060271', 'Erica Anne', 'O.', 'Ramos', '09077779775', 1, 4, 31, '483', NULL),
(837, '104663060274', 'Alexa Mae', 'B.', 'Raydanas', '09085847595', 1, 4, 31, '484', NULL),
(838, '104585060061', 'Cheverly Ann', 'S.', 'Ronquillo', '09309826526', 1, 4, 31, '485', NULL),
(839, '104595060145', 'Vera Victoria', 'A.', 'Salalila', '09182498217', 1, 4, 31, '486', NULL),
(840, '104580060102', 'Hayazhi Mei', 'D.', 'Simsuangco', '09165567755', 1, 4, 31, '487', NULL),
(841, '400610150514', 'Mia Miles', 'S.', 'Soriano', '09293921610', 1, 4, 31, '488', NULL),
(842, '104595060160', 'Denielle', 'V.', 'Surla', '09954121644', 1, 4, 31, '440', NULL),
(843, '104593060099', 'Janice Cristel', 'B.', 'Yuzon', '09284425697', 1, 4, 31, '439', NULL),
(844, '104572060009', 'Jan Glenn', 'M.', 'Austria', '09395826002', 1, 4, 32, '628', NULL),
(845, '104572060011', 'Jasper Bryan', 'P.', 'Bauyon', '09996637693', 1, 4, 32, '629', NULL),
(846, '104595060017', 'Matt Daniel Isaiah', 'C.', 'Bringula', '09291813033', 1, 4, 32, '630', NULL),
(847, '400610150519', 'Jirehl', 'C.', 'Cabilangan', '09985320861', 1, 4, 32, '631', NULL),
(848, '400610150472', 'Bryxx Jiro', 'P.', 'Calaluan', '09278189741', 1, 4, 32, '632', NULL),
(849, '104575060065', 'Ronn Joseph', 'G.', 'Casupanan', '09185287085', 1, 4, 32, '633', NULL),
(850, '104580060029', 'Renz Joshua', 'L.', 'Conde', '09107837807', 1, 4, 32, '634', NULL),
(851, '104572060023', 'Arlan Danielle', 'P.', 'Cruz', '09286997508', 1, 4, 32, '635', NULL),
(852, '104575060075', 'Christian Jed', 'S.', 'Cruz', '09202452885', 1, 4, 32, '636', NULL),
(853, '104575060079', 'Roldan', 'V.', 'Cruz', '09474876469', 1, 4, 32, '637', NULL),
(854, '400610150474', 'Johnniel', 'L.', 'De Leon', '09083359785', 1, 4, 32, '638', NULL),
(855, '104589120079', 'Kevin', 'C.', 'Del Rosario', '09152706876', 1, 4, 32, '639', NULL),
(856, '104595060038', 'Anjelo Gabriel', 'L.', 'Dicang', '09083895994', 1, 4, 32, '640', NULL),
(857, '104577060046', 'John Patrick', 'M.', 'Lingad', '09167030463', 1, 4, 32, '641', NULL),
(858, '104575060183', 'Miguel Angelo', 'G.', 'Luna', '09227918338', 1, 4, 32, '642', NULL),
(859, '104575060233', 'Alan Chzarille', 'P.', 'Navarro', '09952627262', 1, 4, 32, '643', NULL),
(860, '104595060129', 'Deiniel Mark', 'S.', 'Perez', '09184132614', 1, 4, 32, '644', NULL),
(861, '104575060259', 'John Feriel', 'T.', 'Punla', '09504522177', 1, 4, 32, '645', NULL),
(862, '104575060289', 'Richard Allen', 'P.', 'Reyes', '09288019626', 1, 4, 32, '646', NULL),
(863, '104583060088', 'Apolinario', 'S.', 'Sonza', '09301828509', 1, 4, 32, '647', NULL),
(864, '104572060102', 'Rvind Sahlm', 'L.', 'Villaflor', '09255660667', 1, 4, 32, '648', NULL),
(865, '10457506001', 'Jennielyn', 'B.', 'Abaoag', '09167676609', 1, 4, 32, '649', NULL),
(866, '104595060003', 'Hannah Francesca', 'O.', 'Agustin', '09291157107', 1, 4, 32, '650', NULL),
(867, '104595060007', 'Rachalle Anne', 'L.', 'Balong', '09196795590', 1, 4, 32, '651', NULL),
(868, '104608060007', 'Jona', 'P.', 'Baluyot', '09163008763', 1, 4, 32, '652', NULL),
(869, '104593060011', 'Maicah Mae', 'S.', 'Basa', '09463734823', 1, 4, 32, '653', NULL),
(870, '104575060036', 'Gillian Mari', 'F.', 'Basco', '09089642914', 1, 4, 32, '654', NULL),
(871, '104584060003', 'Angelica Janelle', 'N.', 'Bucud', '09075764165', 1, 4, 32, '655', NULL),
(872, '104575060083', 'Rachel Ann', 'T.', 'Dampil', '09093600877', 1, 4, 32, '656', NULL),
(873, '104575060127', 'Hazel', 'P.', 'Fombuena', '09308758609', 1, 4, 32, '657', NULL),
(874, '104583060038', 'Sydney Jean', 'D.', 'Garcia', '09272510410', 1, 4, 32, '658', NULL),
(875, '104575060151', 'Chrisha', 'S.', 'Guevarra', '09432913234', 1, 4, 32, '659', NULL),
(876, '104572060044', 'Ella Janine', 'A.', 'Guevarra', '09494314481', 1, 4, 32, '660', NULL),
(877, '400610150693', 'Kate', 'D.', 'Jimenez', '09179381432', 1, 4, 32, '661', NULL),
(878, '104606060063', 'Angeline Nadine', 'V.', 'Luistro', '09091219375', 1, 4, 32, '662', NULL),
(879, '104584060024', 'Patricia Anne', 'S.', 'Malang', '09475372569', 1, 4, 32, '663', NULL),
(880, '104575060190', 'Jennie', 'C.', 'Malit', '09185226402', 1, 4, 32, '664', NULL),
(881, '104575060219', 'Patricia Coleen', 'B.', 'Mendoza', '09289341885', 1, 4, 32, '665', NULL),
(882, '400610150698', 'Darlynple', 'L.', 'Menor', '09493959771', 1, 4, 32, '666', NULL),
(883, '104575060223', 'Glydel', 'C.', 'Miguel', '09079470226', 1, 4, 32, '667', NULL),
(884, '400610150553', 'Samantha Bienne', 'T.', 'Nacu', '09998819619', 1, 4, 32, '668', NULL),
(885, '104595060113', 'Sirjean', 'P.', 'Nayo', '09107964231', 1, 4, 32, '669', NULL),
(886, '104610060154', 'Shanen Louis', 'B.', 'Nicdao', '09466618158', 1, 4, 32, '670', NULL),
(887, '104575060279', 'Dianne', 'R.', 'Reyes', '09199245141', 1, 4, 32, '671', NULL),
(888, '104575060292', 'Aelaine', 'F.', 'Rodriguez', '09129626742', 1, 4, 32, '672', NULL),
(889, '104575060297', 'Jelyan Nadine', 'T.', 'Romero', '09077197487', 1, 4, 32, '673', NULL),
(890, '104575060312', 'Crysel Aine', 'S.', 'Sangil', '09109946593', 1, 4, 32, '674', NULL),
(891, '104606060101', 'Lucille', 'G.', 'Socorro', '09207619698', 1, 4, 32, '675', NULL),
(892, '104575060006', 'Renz Aivan', 'D.', 'Almario', '09166869706', 1, 4, 33, '537', NULL),
(893, '400610150567', 'Ian Junel', 'P.', 'Benosa', '09997571408', 1, 4, 33, '538', NULL),
(894, '104580060022', 'Mark Joshua', 'G.', 'Bombon', '09335915004', 1, 4, 33, '539', NULL),
(895, '104575060046', 'Yvander', 'C.', 'Buensuceso', '09777072187', 1, 4, 33, '540', NULL),
(896, '104594060017', 'Nieljon Sat III', 'S.', 'Cabellon', '09192561749', 1, 4, 33, '541', NULL),
(897, '400610150522', 'Kobe Christopher', 'F.', 'David', '09082079334', 1, 4, 33, '542', NULL),
(898, '104575060088', 'John Aisaac', 'F.', 'De Guzman', '09433971885', 1, 4, 33, '543', NULL),
(899, '104606060038', 'Angelo', 'M.', 'Dula', '09989638865', 1, 4, 33, '544', NULL),
(900, '104595060073', 'Jonel', 'M.', 'Lacson', '09323109161', 1, 4, 33, '545', NULL),
(901, '104575060168', 'Jan Leonard', 'R.', 'Lapid', '09152203943', 1, 4, 33, '546', NULL),
(902, '104580060062', 'Rhey Brian', 'M.', 'Layug', '09195894562', 1, 4, 33, '547', NULL),
(903, '400610150526', 'Rhon Joshua', 'F.', 'Lintag', '09262149148', 1, 4, 33, '548', NULL),
(904, '104575060180', 'James William', 'S.', 'Lopez', '09088750694', 1, 4, 33, '549', NULL),
(905, '104575060199', 'Richard', 'M.', 'Manahan', '09196829252', 1, 4, 33, '550', NULL),
(906, '104592060057', 'Dominic Shane', 'D.', 'Monterey', '09307963370', 1, 4, 33, '551', NULL),
(907, '104572060069', 'Nel Gian', 'B.', 'Padilla', '09227710090', 1, 4, 33, '552', NULL),
(908, '104575060255', 'Xavier Angio', 'D.', 'Pineda', '09192898523', 1, 4, 33, '553', NULL),
(909, '104595060143', 'Karl Paolo', 'Q.', 'Rodriguez', '09392843968', 1, 4, 33, '554', NULL),
(910, '104583060084', 'John David', 'A.', 'Salvador', '09097964859', 1, 4, 33, '555', NULL),
(911, '104575060338', 'Lance Harry', 'L.', 'Surla', '09095237235', 1, 4, 33, '556', NULL),
(912, '104606060105', 'Nikko', 'A.', 'Tiamzon', '09194613106', 1, 4, 33, '557', NULL),
(913, '300708140028', 'Aqsa Nasee', 'L.', 'Ahmed', '09106602257', 1, 4, 33, '558', NULL),
(914, '104572060005', 'Argelyn Faye', 'M.', 'Alfonso', '09984065824', 1, 4, 33, '559', NULL),
(915, '104572060014', 'Risha Janelle', 'N.', 'Cahilig', '09467139781', 1, 4, 33, '560', NULL),
(916, '104572060027', 'Patricia Anne', 'C.', 'De Guzman', '09461846345', 1, 4, 33, '561', NULL),
(917, '104575060105', 'Mylene', 'T.', 'Diwa', '09497621393', 1, 4, 33, '562', NULL),
(918, '104583060027', 'Jeramille Ann', 'C.', 'Dula', '09082783824', 1, 4, 33, '563', NULL),
(919, '400610150689', 'Coleen Anne', 'D.', 'Famularcano', '09192187818', 1, 4, 33, '564', NULL),
(920, '104605060020', 'Lharieza', 'E.', 'Flores', '09473303829', 1, 4, 33, '565', NULL),
(921, '104575060149', 'Aretha Juliana', 'S.', 'Guese', '09232047529', 1, 4, 33, '566', NULL),
(922, '104611060025', 'Jasmin Rhielle', 'H', 'Hierco', '09109249904', 1, 4, 33, '567', NULL),
(923, '104575060171', 'Mary Lon', 'C.', 'Laurio', '09192333947', 1, 4, 33, '568', NULL),
(924, '400610150695', 'Tricia Ann', 'V.', 'Layon', '09955308969', 1, 4, 33, '569', NULL),
(925, '104580060061', 'Kyla', 'B.', 'Layug', '09956559066', 1, 4, 33, '570', NULL),
(926, '400610150548', 'Margaret Koleen', 'B.', 'Magbag', '09089380090', 1, 4, 33, '571', NULL),
(927, '104575060192', 'Kristine Joy', 'R.', 'Malit', '09364728050', 1, 4, 33, '572', NULL),
(928, '106049060068', 'Ivy Anne Nicole', 'P.', 'Miranda', '09292064845', 1, 4, 33, '573', NULL),
(929, '104572060068', 'Sharmaine', 'P.', 'Oliva', '09469275275', 1, 4, 33, '574', NULL),
(930, '104595060118', 'Alicia  Yvonne', 'G.', 'Pamintuan', '09773322110', 1, 4, 33, '575', NULL),
(931, '104595060122', 'Angelic Anne', 'F.', 'Paule', '09167465045', 1, 4, 33, '576', NULL),
(932, '104575060272', 'Jobelle', 'M.', 'Razon', '09104815024', 1, 4, 33, '577', NULL),
(933, '104575060302', 'Mumai Ann', 'C.', 'Sabado', '09192240592', 1, 4, 33, '579', NULL),
(934, '104572060086', 'Kimberly', 'C.', 'Sagay', '09207078974', 1, 4, 33, '580', NULL),
(935, '400610150609', 'Allysa Greilynn', 'T.', 'Samadan', '09235339071', 1, 4, 33, '581', NULL),
(936, '104572060089', 'Jinel Iyah May', 'M.', 'Sampang', '09574678870', 1, 4, 33, '582', NULL),
(937, '104575060331', 'Mary Anne', 'M.', 'Soliman', '09128314359', 1, 4, 33, '583', NULL),
(938, '104593060095', 'Angela Luz', 'A.', 'Torres', '09204750871', 1, 4, 33, '584', NULL),
(939, '104577060093', 'Miel', 'L.', 'Tubig', '09184161045', 1, 4, 33, '585', NULL),
(940, '104595060176', 'Revienel', 'R.', 'Villanueva', '09097695837', 1, 4, 33, '586', NULL),
(941, '104595060004', 'Kyrie Son', 'T.', 'Alvarico', '09192126170', 1, 4, 34, '489', NULL),
(942, '105964060005', 'Patrick Louise', 'O.', 'Berania', '09057650677', 1, 4, 34, '490', NULL),
(943, '107131060019', 'Daevy', 'D.', 'Caluscusan', '09168282998', 1, 4, 34, '491', NULL),
(944, '104575060073', 'John Carlo', 'R.', 'Cotelo', '09995564073', 1, 4, 34, '492', NULL),
(945, '104575060087', 'Jimuel', 'Y.', 'De Guzman', '09332291382', 1, 4, 34, '493', NULL),
(946, '107124060192', 'Ezequiel', 'M.', 'De Leon', '09277278350', 1, 4, 34, '494', NULL),
(947, '104575060092', 'John Jeffrey', 'R.', 'Del Rosario', '09159970057', 1, 4, 34, '495', NULL),
(948, '104575060097', 'Jericho', 'A.', 'Dela Rosa', '09216662406', 1, 4, 34, '496', NULL),
(949, '400610150478', 'Steven', 'R.', 'Fernandez', '09291157474', 1, 4, 34, '497', NULL),
(950, '106049060052', 'Angelo', 'L.', 'Jimenez', '09297346784', 1, 4, 34, '498', NULL),
(951, '104595060094', 'Adrian', 'R.', 'Mallari', '09494643009', 1, 4, 34, '499', NULL),
(952, '400610150529', 'Bernard Matthew', 'D.', 'Mallorca', '09283887999', 1, 4, 34, '500', NULL),
(953, '400610150675', 'Jomar Christopher', 'V.', 'Manapul', '09206113977', 1, 4, 34, '501', NULL),
(954, '104593060052', 'John Jenrick', 'G.', 'Mangila', '09996631314', 1, 4, 34, '502', NULL),
(955, '104593060056', 'NJ', 'P.', 'Micua', '09173739979', 1, 4, 34, '503', NULL),
(956, '104575060256', 'Aldrin', 'M.', 'Miguel', '09193021135', 1, 4, 34, '504', NULL),
(957, '104575060246', 'Jerome', 'G.', 'Pantig', '09151718009', 1, 4, 34, '505', NULL),
(958, '104595060131', 'Khenry John', 'O.', 'Perez', '09475372376', 1, 4, 34, '506', NULL),
(959, '104575060256', 'Mario Jr.', 'C.', 'Pintojo', '09396491332', 1, 4, 34, '507', NULL),
(960, '400610150587', 'Stephen Juridz Christian', 'R.', 'Sotto', '09287712157', 1, 4, 34, '508', NULL),
(961, '104595060179', 'Sharvin', 'H.', 'Zacarias', '09092458219', 1, 4, 34, '509', NULL),
(962, '104580060001', 'Racquel Christine', 'J.', 'Abon', '09757366245', 1, 4, 34, '510', NULL),
(963, '104575060007', 'Aubrey Rose', 'M.', 'Almes', '09322076343', 1, 4, 34, '511', NULL),
(964, '104575060020', 'Krisna Mae', 'C.', 'Bachiller', '09334928534', 1, 4, 34, '512', NULL),
(965, '104595060012', 'Danah Mae', 'G.', 'Bardemorilla', '09156896380', 1, 4, 34, '513', NULL),
(966, '400610150494', 'Arabella Patricia', 'H.', 'Carlos', '09226948181', 1, 4, 34, '514', NULL),
(967, '104581060020', 'Anna Nicole', 'C.', 'Fabia', '09089621066', 1, 4, 34, '515', NULL),
(968, '104575060126', 'Alison', 'P.', 'Flores', '09334884587', 1, 4, 34, '516', NULL),
(969, '104575060141', 'Bianca Faye', 'D.', 'Gaspe', '09092571922', 1, 4, 34, '517', NULL),
(970, '104595060067', 'Raisa Len', 'S.', 'Joson', '09175347818', 1, 4, 34, '518', NULL),
(971, '104595060071', 'Sherielyn', 'H.', 'Kalaquian', '09127226244', 1, 4, 34, '519', NULL),
(972, '400610150502', 'Jemina-Elie', 'M.', 'Koike', '09296414420', 1, 4, 34, '520', NULL),
(973, '104595060082', 'Allysa Fei', 'A.', 'Llave', '09952096390', 1, 4, 34, '521', NULL),
(974, '104575050185', 'Angel Joy', 'P.', 'Lopez', '09263008382', 1, 4, 34, '522', NULL),
(975, '104581060039', 'Precious Kate', 'T.', 'Malixi', '09293117397', 1, 4, 34, '523', NULL),
(976, '104575060216', 'Johannah', 'R.', 'Mendiola', '09064815943', 1, 4, 34, '524', NULL),
(977, '104575060218', 'Neimuae', 'C.', 'Mendoza', '09076366304', 1, 4, 34, '525', NULL),
(978, '104595060121', 'Patricia Monica', 'S.', 'Pascual', '09434620715', 1, 4, 34, '526', NULL),
(979, '400610150510', 'Marian', 'E.', 'Peña', '09215705342', 1, 4, 34, '527', NULL),
(980, '104583060079', 'Ma. Cristina', 'L.', 'Rioperio', '09193183204', 1, 4, 34, '528', NULL),
(981, '104575060300', 'Imee Ricci', 'D.', 'Rubiano', '09296411012', 1, 4, 34, '529', NULL),
(982, '104575060301', 'Ranhi Mae', 'C.', 'Rubiano', '09184128897', 1, 4, 34, '530', NULL),
(983, '104575060313', 'Trisha Nicolette', 'P.', 'Salonga', '09998838323', 1, 4, 34, '531', NULL),
(984, '104575060320', 'Kathryn', 'A.', 'Santos', '09324762950', 1, 4, 34, '532', NULL),
(985, '104575070299', 'Makeila Marie', 'D.', 'Serrano', '09153519116', 1, 4, 34, '533', NULL),
(986, '104585060076', 'Erika Mae', 'M.', 'Suing', '09193724985', 1, 4, 34, '534', NULL),
(987, '104575060357', 'Angeline Fei', 'R.', 'Ventura', '09308289986', 1, 4, 34, '535', NULL),
(988, '104575060363', 'Euniese Kaye', 'S.', 'Waje', '09322076343', 1, 4, 34, '536', NULL),
(989, '104583050001', 'Reimart Angel', 'E.', 'Abes', '09202224879', 1, 5, 35, '1182', NULL),
(990, '104575050007', 'Rey Audie', 'D.', 'Almario', '09166869706', 1, 5, 35, '1183', NULL),
(991, '104582050009', 'Marvin Rey', 'P.', 'Castillo', '09109368208', 1, 5, 35, '1184', NULL),
(992, '306611130005', 'Martin Shan', 'G.', 'Cheung', '09398475016', 1, 5, 35, '1185', NULL),
(993, '300718120021', 'Edward', 'L.', 'De Leon', '09212035755', 1, 5, 35, '1186', NULL),
(994, '400610150813', 'Jake Andrew', 'A.', 'Diano', '09294022452', 1, 5, 35, '1187', NULL),
(995, '104575050148', 'John Joseph', 'S.', 'Guanzon', '09123280144', 1, 5, 35, '1188', NULL),
(996, '104583050043', 'Reynaldo Jr.', 'S.', 'Honra', '09227209318', 1, 5, 35, '1189', NULL),
(997, '104573050036', 'Richard', 'M.', 'Malit', '09193447997', 1, 5, 35, '1190', NULL),
(998, '104595050159', 'Wayne Mor', 'Y.', 'Simbulan', '09283964253', 1, 5, 35, '1191', NULL),
(999, '104595050170', 'Niño Angelo', 'A.', 'Torres', '09070983005', 1, 5, 35, '1192', NULL),
(1000, '400610150913', 'Althea Louise', '', 'Aday', '09463261893', 1, 5, 35, '1193', NULL),
(1001, '104595050009', 'Ma. La Rue', 'S.', 'Aquino', '09194905622', 1, 5, 35, '1194', NULL),
(1002, '104577050007', 'Ma. Louise Pauleen', 'Q.', 'Aquino', '09487298513', 1, 5, 35, '1195', NULL),
(1003, '104592050006', 'Kryz Vince Cathleya', 'A.', 'Araneta', '09277130255', 1, 5, 35, '1196', NULL),
(1004, '104595050011', 'Darcy Allen', 'M.', 'Avillion', '09397901052', 1, 5, 35, '1197', NULL),
(1005, '104572050021', 'Cathriz Jade', 'M.', 'Bartolo', '09215484587', 1, 5, 35, '1198', NULL),
(1006, '104575050036', 'Marielle Aubrey', 'A.', 'Basilio', '09184613035', 1, 5, 35, '1199', NULL),
(1007, '104575050059', 'Kyla Geneve', 'O.', 'Capus', '09057229678', 1, 5, 35, '1200', NULL),
(1008, '104575050062', 'Marielle Precious', 'R.', 'Carullo', '09175263410', 1, 5, 35, '1201', NULL),
(1009, '104575050066', 'Marlene Joyce', 'R.', 'Castro', '09306518997', 1, 5, 35, '1202', NULL),
(1010, '104606050026', 'Kyla Alexandra', 'B.', 'De Guzman', '09103270250', 1, 5, 35, '1203', NULL),
(1011, '104575050141', 'Shekainah Grace', 'M.', 'Garcia', '09087107362', 1, 5, 35, '1204', NULL),
(1012, '400610150743', 'Sabrina Rae', 'N.', 'Gloria', '09065363260', 1, 5, 35, '1205', NULL),
(1013, '104608050051', 'Monique Joy', 'O.', 'Hilario', '09093477925', 1, 5, 35, '1206', NULL),
(1014, '104575050184', 'Ncole Anne', 'L.', 'Longgat', '09070425346', 1, 5, 35, '1207', NULL),
(1015, '104595050097', 'Nica Joy', 'P.', 'Mangulabnan', '09985698308', 1, 5, 35, '1208', NULL),
(1016, '104575050220', 'Angela', 'L.', 'Montemayor', '09336628675', 1, 5, 35, '1209', NULL),
(1017, '104595050110', 'Hannah Krizel', 'N.', 'Navarro', '09322099889', 1, 5, 35, '1210', NULL),
(1018, '104575050237', 'Ninna Patricia Anne', 'T.', 'Ocampo', '09336727772', 1, 5, 35, '1211', NULL),
(1019, '104575050274', 'Angelie', 'S.', 'Ramos', '09075831320', 1, 5, 35, '1212', NULL),
(1020, '104580050090', 'Chelsea Anne', 'V.', 'Soriano', '09182906140', 1, 5, 35, '1213', NULL),
(1021, '104580050092', 'Leslie Jane', 'R.', 'Tajonera', '09302112522', 1, 5, 35, '1214', NULL),
(1022, '104575050327', 'Khazelyn', 'S.', 'Telles', '09432914025', 1, 5, 35, '1215', NULL),
(1023, '400610150891', 'Maroussia', 'A.', 'Verbo', '09297961832', 1, 5, 35, '1216', NULL),
(1024, '104575050074', 'Jude', 'V.', 'Cortez', '09307275218', 1, 5, 36, '1217', NULL),
(1025, '104575050086', 'Clyde Jeerome', 'P.', 'Dabu', '09124834921', 1, 5, 36, '1218', NULL),
(1026, '104576050008', 'Patrick Jose', 'G.', 'Dabu', '08116323156', 1, 5, 36, '1219', NULL),
(1027, '400610150768', 'Mc Daniel', 'D.', 'Diuco', '09198631706', 1, 5, 36, '1220', NULL),
(1028, '104580050036', 'Jansen', 'M.', 'Eulalia', '09194693381', 1, 5, 36, '1221', NULL),
(1029, '104595050051', 'Miguel', 'R.', 'Evangelista', '09501697373', 1, 5, 36, '1222', NULL),
(1030, '104585050042', 'Ritz Kaycee', 'L.', 'Francisco', '09493901413', 1, 5, 36, '1223', NULL),
(1031, '104575050106', 'John Avhie', 'D.', 'Gabriel', '09074424636', 1, 5, 36, '1224', NULL),
(1032, '104575050142', 'Nickhol Keith', 'C.', 'Gaza', '09994854061', 1, 5, 36, '1225', NULL),
(1033, '105964050028', 'King Dave', 'N.', 'Macabulos', '09463589388', 1, 5, 36, '1226', NULL),
(1034, '104575050197', 'John Lester', 'L.', 'Malit', '09467147022', 1, 5, 36, '1227', NULL),
(1035, '104575050202', 'Richmon', 'M.', 'Manahan', '09196829252', 1, 5, 36, '1228', NULL),
(1036, '104580050063', 'Gerald', 'C.', 'Manglicmot', '09198529088', 1, 5, 36, '1229', NULL),
(1037, '104575050209', 'Joshua', 'A.', 'Manuel', '09063103399', 1, 5, 36, '1230', NULL),
(1038, '104575050239', 'Junmar', 'D.', 'Paguio', '09235707669', 1, 5, 36, '1231', NULL),
(1039, '104583050085', 'Cedriel', 'S.', 'Quimson', '09216645361', 1, 5, 36, '1232', NULL),
(1040, '400610150779', 'Yauji Lanz', 'M.', 'Reyes', '09156007961', 1, 5, 36, '1233', NULL),
(1041, '104576050027', 'Christopher John', 'D.', 'Rillo', '09106301203', 1, 5, 36, '1234', NULL),
(1042, '104595050140', 'Mark Louie', 'M.', 'Rivera', '09272690380', 1, 5, 36, '1235', NULL),
(1043, '400610150862', 'Errol', 'N.', 'Ronquillo', '09399246332', 1, 5, 36, '1236', NULL),
(1044, '106044050067', 'Jaster', 'D.', 'Ruiz', '09277545785', 1, 5, 36, '1237', NULL),
(1045, '400610150908', 'Charles Frasier', 'B.', 'Sales', '09098674122', 1, 5, 36, '1238', NULL),
(1046, '104580050089', 'Jem', 'N.', 'Sebastian', '09496376062', 1, 5, 36, '1239', NULL),
(1047, '104575050024', 'Erica Anne', 'P.', 'Bacani', '09184310901', 1, 5, 36, '1240', NULL),
(1048, '104575050040', 'Mary Ann Gabrielle', 'D.', 'Belleza', '09205590772', 1, 5, 36, '1241', NULL),
(1049, '104605050006', 'Eula', 'P.', 'De Jesus', '09128891300', 1, 5, 36, '1242', NULL),
(1050, '104575050108', 'Leira Mae', 'D.', 'De Leon', '09304989868', 1, 5, 36, '1243', NULL),
(1051, '104575050107', 'Joanna Marie', 'F.', 'Dela Torre', '09192360883', 1, 5, 36, '1244', NULL),
(1052, '104595050045', 'Kamille Ann', 'S.', 'Diwa', '09216461158', 1, 5, 36, '1245', NULL),
(1053, '104575050143', 'Mitzi Anne', 'C.', 'Gaerlan', '09484513325', 1, 5, 36, '1246', NULL),
(1054, '104575050203', 'Catherine Joy', 'C.', 'Manalansan', '09300538720', 1, 5, 36, '1247', NULL),
(1055, '104575050221', 'Ana Laverna Janine', 'A.', 'Montemayor', '09491263624', 1, 5, 36, '1248', NULL),
(1056, '400610150929', 'Victoria Jean', 'G.', 'Navarro', '09204184359', 1, 5, 36, '1249', NULL),
(1057, '104595050121', 'Ma. Isabelle', 'K.', 'Peñaflor', '09291719560', 1, 5, 36, '1250', NULL),
(1058, '104575050256', 'Trisha Krhzl', 'D.', 'Peñaflor', '09333943110', 1, 5, 36, '1251', NULL),
(1059, '104595050123', 'Ericka', 'N.', 'Pruna', '09192366089', 1, 5, 36, '1252', NULL),
(1060, '104595050126', 'Aileen Joy', 'R.', 'Puzon', '09216572590', 1, 5, 36, '1253', NULL),
(1061, '104572050113', 'Jorie Delle', 'M.', 'Sampang', '09093155465', 1, 5, 36, '1254', NULL),
(1062, '104595050001', 'Patrick Ruel', 'M.', 'Abella', '09193621637', 1, 5, 37, '1292', NULL),
(1063, '400610150893', 'Zion', 'C.', 'Cabilangan', '09985320861', 1, 5, 37, '1293', NULL),
(1064, '104575050116', 'Carl Angelo', 'M.', 'Divinagracia', '09073733391', 1, 5, 37, '1294', NULL),
(1065, '104595050047', 'Miguel Fernando', 'D.', 'Dueñas', '09087266926', 1, 5, 37, '1295', NULL),
(1066, '400610150815', 'Harold Ellizer', 'R.', 'Espeleta', '09088699469', 1, 5, 37, '1296', NULL),
(1067, '104595050066', 'John Jashiae', 'E.', 'Hernandez', '09486983485', 1, 5, 37, '1297', NULL),
(1068, '104595050070', 'Hanz Stephen', 'S.', 'Jaring', '09102366952', 1, 5, 37, '1298', NULL),
(1069, '104595050071', 'Hanz Christian', 'P.', 'Jimenez', '09291537721', 1, 5, 37, '1299', NULL),
(1070, '104613050046', 'Jerome', 'L.', 'Legazpi', '09076289801', 1, 5, 37, '1300', NULL),
(1071, '400610150899', 'Cunard Kristofer', 'B.', 'Magbag', '09089380090', 1, 5, 37, '1301', NULL),
(1072, '104575050196', 'Job', 'C.', 'Malit', '09185226402', 1, 5, 37, '1302', NULL),
(1073, '104572050081', 'Carlo Andrew', 'R.', 'Mallari', '09082166701', 1, 5, 37, '1303', NULL),
(1074, '104575050218', 'Miguel Brian', 'G.', 'Miranda', '09997603440', 1, 5, 37, '1304', NULL),
(1075, '104595050127', 'Donn Jose', 'D.', 'Quiambao', '09224702388', 1, 5, 37, '1305', NULL),
(1076, '400610150905', 'Aeron', 'T.', 'Quilao', '09394973254', 1, 5, 37, '1306', NULL),
(1077, '106049050006', 'Kristine Joyce', 'D.', 'Alimurong', '09286249525', 1, 5, 37, '1307', NULL),
(1078, '104595050035', 'Arielle', 'S.', 'Dagun', '09475634563', 1, 5, 37, '1308', NULL),
(1079, '106056050015', 'Mary rose', 'M.', 'David', '09155998725', 1, 5, 37, '1309', NULL),
(1080, '104575050120', 'Alyssa', 'E.', 'Eridio', '09076370279', 1, 5, 37, '1311', NULL),
(1081, '104595050063', 'Alyssa Nicole', 'Q.', 'Guevarra', '09151781113', 1, 5, 37, '1312', NULL),
(1082, '104580050050', 'Irish Candy', 'S.', 'Lapid', '09463068717', 1, 5, 37, '1313', NULL),
(1083, '104595050077', 'Arianne Gayle', 'C.', 'Limin', '09088839036', 1, 5, 37, '1314', NULL),
(1084, '104575050182', 'Sheryll Mae', 'M.', 'Lingad', '09227994875', 1, 5, 37, '1315', NULL),
(1085, '104600050016', 'Shara Mae', 'S.', 'Lintag', '09394972948', 1, 5, 37, '1316', NULL),
(1086, '104575050188', 'Larah Danielle', 'S.', 'Lozano', '09106645203', 1, 5, 37, '1317', NULL),
(1087, '104589050031', 'Lana', 'P.', 'Luistro', '09176104152', 1, 5, 37, '1318', NULL),
(1088, '400610150747', 'Ma. Cristina', 'A.', 'Mendoza', '09055044099', 1, 5, 37, '1319', NULL),
(1089, '306611130003', 'Carla Joy', 'C.', 'Morales', '09126756538', 1, 5, 37, '1320', NULL),
(1090, '104583050075', 'Jerymy', 'P.', 'Paquio', '09183767872', 1, 5, 37, '1321', NULL),
(1091, '104575050251', 'Jireh Sealtiel', 'R.', 'Pedrosa', '09488679555', 1, 5, 37, '1322', NULL),
(1092, '104575050292', 'Nikka Anne', 'A.', 'Ruiz', '09293135305', 1, 5, 37, '1323', NULL),
(1093, '104610050201', 'Gabrielle', 'T.', 'Sandoval', '09234990856', 1, 5, 37, '1324', NULL),
(1094, '104605050041', 'Jazmin', 'T.', 'Solidum', '09462641402', 1, 5, 37, '1325', NULL),
(1095, '104575050325', 'Bernadette', 'A.', 'Tan', '09275050211', 1, 5, 37, '1326', NULL),
(1096, '104575050328', 'Lea Margaret', 'P.', 'Ting', '09263993111', 1, 5, 37, '1327', NULL),
(1097, '104592050081', 'Cyrille Kyle', 'F.', 'Toñacao', '09085259292', 1, 5, 37, '1328', NULL),
(1098, '104575050025', 'Jules Anton', 'R.', 'Bacani', '09300335727', 1, 5, 38, '1255', NULL),
(1099, '104575050033', 'John Joshua', 'D.', 'Basco', '09284200262', 1, 5, 38, '1256', NULL),
(1100, '104575050049', 'James Paul', 'S.', 'Cabalteja', '09094574059', 1, 5, 38, '1257', NULL),
(1101, '104575050088', 'Paul Andrian', 'D.', 'Danan', '09999371102', 1, 5, 38, '1258', NULL),
(1102, '104610050057', 'Ralph Louis', 'A.', 'Dar', '09286598623', 1, 5, 38, '1259', NULL),
(1103, '104592050020', 'John Patrick', 'T.', 'De Jesus', '09185778337', 1, 5, 38, '1260', NULL),
(1104, '104595050040', 'Aldrin Jason', 'D.', 'Del Rosario', '09064898027', 1, 5, 38, '1261', NULL),
(1105, '104573050013', 'John Paul', 'S.', 'Dieran', '09235311948', 1, 5, 38, '1262', NULL),
(1106, '400610150848', 'Karl Cedric', 'D.', 'Digma', '09179209460', 1, 5, 38, '1263', NULL);
INSERT INTO `tbl_student_info` (`stud_id`, `stud_id_number`, `stud_fn`, `stud_mn`, `stud_ln`, `stud_parent_number`, `stud_active`, `yr_id`, `sec_id`, `rfid_id`, `img`) VALUES
(1107, '400610150897', 'John Michael', 'B.', 'Fajardo', '09098674122', 1, 5, 38, '1264', NULL),
(1108, '400610150851', 'John', 'S.', 'Garcia', '09202753561', 1, 5, 38, '1265', NULL),
(1109, '104580050047', 'John Rei', 'D.', 'Justo', '09266814621', 1, 5, 38, '1266', NULL),
(1110, '104575050193', 'Euclid Glen', 'C.', 'Magno', '09204019474', 1, 5, 38, '1267', NULL),
(1111, '400610150725', 'Klein Iris', 'B.', 'Magpayo', '09475449846', 1, 5, 38, '1268', NULL),
(1112, '105964050031', 'Roniken', 'M.', 'Mallari', '09488515401', 1, 5, 38, '1269', NULL),
(1113, '400610150856', 'Gerard', 'P.', 'Manabat', '09184491412', 1, 5, 38, '1270', NULL),
(1114, '400610150938', 'Matin', 'D.', 'Merino', '09234037871', 1, 5, 38, '1271', NULL),
(1115, '104595050106', 'Ted Andrew', 'R.', 'Mesina', '09105762751', 1, 5, 38, '1272', NULL),
(1116, '104577050064', 'Jhonard', 'S.', 'Nicolas', '09108955574', 1, 5, 38, '1273', NULL),
(1117, '104592050056', 'Christian', 'M.', 'Omega', '09194251796', 1, 5, 38, '1274', NULL),
(1118, '104592050057', 'Joshua', 'M.', 'Omega', '09194251796', 1, 5, 38, '1275', NULL),
(1119, '104575050248', 'Eijay', 'C.', 'Paule', '09291986721', 1, 5, 38, '1276', NULL),
(1120, '104575050293', 'Mark Allen', 'C.', 'Sabado', '09192240592', 1, 5, 38, '1277', NULL),
(1121, '104575050302', 'Gian', 'V.', 'Sandoval', '09159807577', 1, 5, 38, '1278', NULL),
(1122, '400610150910', 'Jed', 'T.', 'Takeuchi', '09109323760', 1, 5, 38, '1279', NULL),
(1123, '400610150911', ' Miles Joshua', 'V.', 'Tan', '09087560854', 1, 5, 38, NULL, NULL),
(1124, '104595050172', 'Jhon Mervin', 'S.', 'Vargas', '09778522990', 1, 5, 38, '1280', NULL),
(1125, '104595050024', 'Jules Anne', 'D.', 'Casino', '09182489132', 1, 5, 38, '1281', NULL),
(1126, '104583050027', 'Bianca Isabelle', 'S.', 'De Guzman', '09499803845', 1, 5, 38, '1282', NULL),
(1127, '104575050163', 'Princess', 'C.', 'Jaramillo', '09152630274', 1, 5, 38, '1283', NULL),
(1128, '104575050173', 'Denise Alyana', 'S.', 'Lapid', '09982677714', 1, 5, 38, '1284', NULL),
(1129, '104575050178', 'Kathleen', 'V.', 'Lazo', '09182222376', 1, 5, 38, '1285', NULL),
(1130, '400610150796', 'Reiana Faye', 'V.', 'Matawaran', '09215968322', 1, 5, 38, '1286', NULL),
(1131, '104575050216', 'Mikaela', 'M.', 'Metran', '09477477190', 1, 5, 38, '1287', NULL),
(1132, '104595050107', 'Irish Nicole', '', 'Montemayor', '09084047040', 1, 5, 38, '1288', NULL),
(1133, '104572050109', 'Micah Angela', 'C.', 'Ramos', '09772815913', 1, 5, 38, '1289', NULL),
(1134, '104575050291', 'Richia Mae', 'D.', 'Rubiano', '09296411012', 1, 5, 38, '1290', NULL),
(1135, '104575050322', 'Donna Stella', 'B.', 'Soriano', '09053636708', 1, 5, 38, '1291', NULL),
(1136, '104583050003', 'John Bryan', 'T.', 'Agoncillo', '09283282879', 1, 5, 39, '1140', NULL),
(1137, '104592050004', 'Lawrence', 'S.', 'Aquino', '09323622755', 1, 5, 39, '1141', NULL),
(1138, '104575050077', 'Joshua Neri', 'A.', 'Cristobal', '09282952375', 1, 5, 39, '1142', NULL),
(1139, '104574050008', 'Jeffrey', 'G.', 'Dimla', '09271428469', 1, 5, 39, '1143', NULL),
(1140, '104575050159', 'Ivan Angelo', 'O.', 'Lapid', '09082483493', 1, 5, 39, '1144', NULL),
(1141, '104575050181', 'Dennis Adrian', 'G.', 'Luna', '09227918338', 1, 5, 39, '1145', NULL),
(1142, '104572050001', 'Nerlisa', 'M.', 'Abara', '09201214105', 1, 5, 39, '1146', NULL),
(1143, '104595050008', 'Annabelle', 'M.', 'Aniel', '09185733921', 1, 5, 39, '1147', NULL),
(1144, '104575050015', 'Karina', 'C.', 'Aquino', '09470947743', 1, 5, 39, '1148', NULL),
(1145, '104595050017', 'Kriszle Carl', 'A.', 'Bayas', '09493102272', 1, 5, 39, '1149', NULL),
(1146, '104592050009', 'Roxanne', 'R.', 'Beltran', '09196525855', 1, 5, 39, '1150', NULL),
(1147, '104575050054', 'Raquel Aira', 'D.', 'Cajurao', '09097985337', 1, 5, 39, '1151', NULL),
(1148, '104606050013', 'Audrey', 'A.', 'Calica', '09215039668', 1, 5, 39, '1152', NULL),
(1149, '104575050075', 'Allysa', 'B.', 'Cotelo', '09323889998', 1, 5, 39, '1153', NULL),
(1150, '104575050081', 'Laurice Audrey', 'D.', 'Cruz', '09085516394', 1, 5, 39, '1154', NULL),
(1151, '104575050096', 'Couhlene', 'F.', 'De Guzman', '09219578063', 1, 5, 39, '1155', NULL),
(1152, '104575050105', 'Jasmine', 'A.', 'Dela Rosa', '09216662406', 1, 5, 39, '1156', NULL),
(1153, '104583050034', 'Samantha Nicole', '', 'Dulce', '09195894450', 1, 5, 39, '1157', NULL),
(1154, '104682050124', 'Darlene', 'R.', 'Esberto', '09493584833', 1, 5, 39, '1158', NULL),
(1155, '104595050049', 'Melby Rose', 'R.', 'Espinola', '09186205743', 1, 5, 39, '1159', NULL),
(1156, '104595050054', 'Jennifer', 'D.', 'Felicitas', '09195728886', 1, 5, 39, '1160', NULL),
(1157, '104573050016', 'Rhodelyn Mae', 'R.', 'Gabon', '09973110118', 1, 5, 39, '1161', NULL),
(1158, '104608050046', 'Roan', 'H.', 'Garcia', '09158560679', 1, 5, 39, '1162', NULL),
(1159, '104595050079', 'Jasmin Joy', 'E.', 'Lopez', '09103148560', 1, 5, 39, '1163', NULL),
(1160, '104606050054', 'Aira Nicole', 'V.', 'Luistro', '09091219375', 1, 5, 39, '1164', NULL),
(1161, '104600050018', 'Diana Kate', 'B.', 'Mañalac', '09274383271', 1, 5, 39, '1165', NULL),
(1162, '104572050101', 'Jiezell Joy', 'B.', 'Pascasio', '09186642106', 1, 5, 39, '1166', NULL),
(1163, '104575050253', 'Diana Marie', 'S.', 'Peñaflor', '09093649414', 1, 5, 39, '1167', NULL),
(1164, '400610150932', 'Nicole', 'S.', 'Recibe', '09206227508', 1, 5, 39, '1168', NULL),
(1165, '104595050136', 'Joyce Ann', 'A.', 'Reyes', '09497206852', 1, 5, 39, '1169', NULL),
(1166, '104575050289', 'Maria Cristle', 'V.', 'Reyes', '09496134841', 1, 5, 39, '1170', NULL),
(1167, '400610150802', 'Trisha Steffi Anne', 'M.', 'Reyes', '09292456601', 1, 5, 39, '1171', NULL),
(1168, '104575060299', 'Arah Rose', 'B.', 'Roquid', '09216141581', 1, 5, 39, '1172', NULL),
(1169, '104575050287', 'Amabelle', 'S.', 'Rosas', '09477523554', 1, 5, 39, '1173', NULL),
(1170, '104575050308', 'Katherine Mae', 'T.', 'Santos', '09106314496', 1, 5, 39, '1174', NULL),
(1171, '104575050311', 'Patricia Dawn', 'Q.', 'Santos', '09483477559', 1, 5, 39, '1175', NULL),
(1172, '104600050029', 'Allysa Mae', 'L.', 'Saplala', '09205204021', 1, 5, 39, '1176', NULL),
(1173, '104575050314', 'Josephine', 'M.', 'Sevilla', '09072410292', 1, 5, 39, '1177', NULL),
(1174, '104583050100', 'Kristine', 'B.', 'Suba', '09497748489', 1, 5, 39, '1178', NULL),
(1175, '104575050323', 'Melanie', 'D.', 'Sumanga', '09063377574', 1, 5, 39, '1179', NULL),
(1176, '104608050110', 'Joan Paula', 'M.', 'Vergara', '09303715678', 1, 5, 39, '1180', NULL),
(1177, '104595050175', 'Julie', 'P.', 'Vitug', '09391394251', 1, 5, 39, '1181', NULL),
(1178, '212445232', 'aa', 'b', 'cc', NULL, 1, NULL, NULL, NULL, NULL),
(1179, '1234554321', 'xxx', 'zzz', 'yyy', NULL, 1, NULL, NULL, NULL, NULL),
(1180, '122987878', 'abcx', 'defx', 'ghix', '', 1, 6, 2, NULL, NULL);

-- --------------------------------------------------------

--
-- Table structure for table `tbl_user`
--

DROP TABLE IF EXISTS `tbl_user`;
CREATE TABLE IF NOT EXISTS `tbl_user` (
  `u_id` int(11) NOT NULL AUTO_INCREMENT,
  `un` varchar(40) NOT NULL,
  `pw` varchar(40) NOT NULL,
  `fn` varchar(70) NOT NULL,
  `role` int(11) NOT NULL,
  `isactive` int(11) NOT NULL,
  PRIMARY KEY (`u_id`)
) ENGINE=InnoDB AUTO_INCREMENT=2 DEFAULT CHARSET=latin1;

--
-- Dumping data for table `tbl_user`
--

INSERT INTO `tbl_user` (`u_id`, `un`, `pw`, `fn`, `role`, `isactive`) VALUES
(1, 'user1', '123', 'Librarian', 1, 1);

-- --------------------------------------------------------

--
-- Table structure for table `tbl_yr`
--

DROP TABLE IF EXISTS `tbl_yr`;
CREATE TABLE IF NOT EXISTS `tbl_yr` (
  `yr_id` int(11) NOT NULL AUTO_INCREMENT,
  `yr_details` int(11) DEFAULT NULL,
  `yr_active` int(11) DEFAULT NULL,
  PRIMARY KEY (`yr_id`)
) ENGINE=InnoDB AUTO_INCREMENT=7 DEFAULT CHARSET=latin1;

--
-- Dumping data for table `tbl_yr`
--

INSERT INTO `tbl_yr` (`yr_id`, `yr_details`, `yr_active`) VALUES
(1, 7, 1),
(2, 8, 1),
(3, 9, 1),
(4, 10, 1),
(5, 11, 1),
(6, 12, 1);

-- --------------------------------------------------------

--
-- Stand-in structure for view `view_bookstat`
--
DROP VIEW IF EXISTS `view_bookstat`;
CREATE TABLE IF NOT EXISTS `view_bookstat` (
`count(tbl_borrowed_book.b_id)` bigint(21)
,`bb_id` int(11)
,`bb_borrowed_date` date
,`bb_due_date` date
,`bb_status` int(11)
,`b_id` int(11)
,`b_title` varchar(200)
,`b_author` varchar(70)
,`b_publisher` varchar(50)
,`b_copyright` int(11)
,`bc_id` int(11)
,`bc_detail` varchar(50)
);

-- --------------------------------------------------------

--
-- Stand-in structure for view `view_book_borrow_info`
--
DROP VIEW IF EXISTS `view_book_borrow_info`;
CREATE TABLE IF NOT EXISTS `view_book_borrow_info` (
`bb_id` int(11)
,`bb_borrowed_date` date
,`bb_due_date` date
,`bb_status` int(11)
,`b_ref_num` varchar(30)
,`stud_id_number` varchar(20)
,`stud_fn` varchar(25)
,`stud_ln` varchar(25)
,`yr_details` int(11)
,`sec_details` varchar(45)
,`sec_id` int(11)
,`b_id` int(11)
,`b_title` varchar(200)
,`b_author` varchar(70)
);

-- --------------------------------------------------------

--
-- Stand-in structure for view `view_book_information`
--
DROP VIEW IF EXISTS `view_book_information`;
CREATE TABLE IF NOT EXISTS `view_book_information` (
`b_id` int(11)
,`b_title` varchar(200)
,`b_add_info` varchar(50)
,`b_author` varchar(70)
,`b_publisher` varchar(50)
,`b_qty` int(11)
,`b_copyright` int(11)
,`bc_id` int(11)
,`bc_detail` varchar(50)
);

-- --------------------------------------------------------

--
-- Stand-in structure for view `view_book_returned`
--
DROP VIEW IF EXISTS `view_book_returned`;
CREATE TABLE IF NOT EXISTS `view_book_returned` (
`b_title` varchar(200)
,`b_author` varchar(70)
,`rb_returned_date` date
,`rb_over_due_days` int(11)
,`ref_num` varchar(30)
,`stud_id_number` varchar(20)
,`stud_fn` varchar(25)
,`stud_ln` varchar(25)
,`yr_details` int(11)
,`sec_details` varchar(45)
,`sec_id` int(11)
);

-- --------------------------------------------------------

--
-- Stand-in structure for view `view_students_information`
--
DROP VIEW IF EXISTS `view_students_information`;
CREATE TABLE IF NOT EXISTS `view_students_information` (
`stud_id` int(11)
,`stud_id_number` varchar(20)
,`stud_fn` varchar(25)
,`stud_mn` varchar(25)
,`stud_ln` varchar(25)
,`stud_parent_number` varchar(15)
,`yr_details` int(11)
,`sec_id` int(11)
,`sec_details` varchar(45)
,`rfid_tag_id` varchar(30)
,`rfid_tag_active` int(11)
,`rfid_id` varchar(30)
,`stud_active` int(11)
,`img` mediumblob
);

-- --------------------------------------------------------

--
-- Structure for view `view_bookstat`
--
DROP TABLE IF EXISTS `view_bookstat`;

CREATE ALGORITHM=UNDEFINED DEFINER=`root`@`localhost` SQL SECURITY DEFINER VIEW `view_bookstat`  AS  select count(`tbl_borrowed_book`.`b_id`) AS `count(tbl_borrowed_book.b_id)`,`tbl_borrowed_book`.`bb_id` AS `bb_id`,`tbl_borrowed_book`.`bb_borrowed_date` AS `bb_borrowed_date`,`tbl_borrowed_book`.`bb_due_date` AS `bb_due_date`,`tbl_borrowed_book`.`bb_status` AS `bb_status`,`tbl_borrowed_book`.`b_id` AS `b_id`,`tbl_book_info`.`b_title` AS `b_title`,`tbl_book_info`.`b_author` AS `b_author`,`tbl_book_info`.`b_publisher` AS `b_publisher`,`tbl_book_info`.`b_copyright` AS `b_copyright`,`tbl_book_info`.`bc_id` AS `bc_id`,`tbl_book_category`.`bc_detail` AS `bc_detail` from ((`tbl_book_info` join `tbl_borrowed_book` on((`tbl_borrowed_book`.`b_id` = `tbl_book_info`.`b_id`))) join `tbl_book_category` on((`tbl_book_info`.`bc_id` = `tbl_book_category`.`bc_id`))) group by `tbl_borrowed_book`.`b_id` ;

-- --------------------------------------------------------

--
-- Structure for view `view_book_borrow_info`
--
DROP TABLE IF EXISTS `view_book_borrow_info`;

CREATE ALGORITHM=UNDEFINED DEFINER=`root`@`localhost` SQL SECURITY DEFINER VIEW `view_book_borrow_info`  AS  select `tbl_borrowed_book`.`bb_id` AS `bb_id`,`tbl_borrowed_book`.`bb_borrowed_date` AS `bb_borrowed_date`,`tbl_borrowed_book`.`bb_due_date` AS `bb_due_date`,`tbl_borrowed_book`.`bb_status` AS `bb_status`,`tbl_borrowed_book`.`b_ref_num` AS `b_ref_num`,`view_students_information`.`stud_id_number` AS `stud_id_number`,`view_students_information`.`stud_fn` AS `stud_fn`,`view_students_information`.`stud_ln` AS `stud_ln`,`view_students_information`.`yr_details` AS `yr_details`,`view_students_information`.`sec_details` AS `sec_details`,`view_students_information`.`sec_id` AS `sec_id`,`tbl_borrowed_book`.`b_id` AS `b_id`,`tbl_book_info`.`b_title` AS `b_title`,`tbl_book_info`.`b_author` AS `b_author` from ((`tbl_borrowed_book` join `view_students_information` on((`tbl_borrowed_book`.`stud_id_number` = `view_students_information`.`stud_id_number`))) join `tbl_book_info` on((`tbl_borrowed_book`.`b_id` = `tbl_book_info`.`b_id`))) ;

-- --------------------------------------------------------

--
-- Structure for view `view_book_information`
--
DROP TABLE IF EXISTS `view_book_information`;

CREATE ALGORITHM=UNDEFINED DEFINER=`root`@`localhost` SQL SECURITY DEFINER VIEW `view_book_information`  AS  select `tbl_book_info`.`b_id` AS `b_id`,`tbl_book_info`.`b_title` AS `b_title`,`tbl_book_info`.`b_add_info` AS `b_add_info`,`tbl_book_info`.`b_author` AS `b_author`,`tbl_book_info`.`b_publisher` AS `b_publisher`,`tbl_book_info`.`b_qty` AS `b_qty`,`tbl_book_info`.`b_copyright` AS `b_copyright`,`tbl_book_info`.`bc_id` AS `bc_id`,`tbl_book_category`.`bc_detail` AS `bc_detail` from (`tbl_book_info` join `tbl_book_category` on((`tbl_book_info`.`bc_id` = `tbl_book_category`.`bc_id`))) ;

-- --------------------------------------------------------

--
-- Structure for view `view_book_returned`
--
DROP TABLE IF EXISTS `view_book_returned`;

CREATE ALGORITHM=UNDEFINED DEFINER=`root`@`localhost` SQL SECURITY DEFINER VIEW `view_book_returned`  AS  select `tbl_book_info`.`b_title` AS `b_title`,`tbl_book_info`.`b_author` AS `b_author`,`tbl_returned_book`.`rb_returned_date` AS `rb_returned_date`,`tbl_returned_book`.`rb_over_due_days` AS `rb_over_due_days`,`tbl_returned_book`.`ref_num` AS `ref_num`,`view_students_information`.`stud_id_number` AS `stud_id_number`,`view_students_information`.`stud_fn` AS `stud_fn`,`view_students_information`.`stud_ln` AS `stud_ln`,`view_students_information`.`yr_details` AS `yr_details`,`view_students_information`.`sec_details` AS `sec_details`,`view_students_information`.`sec_id` AS `sec_id` from ((`tbl_returned_book` join `view_students_information` on((`tbl_returned_book`.`stud_id_number` = `view_students_information`.`stud_id_number`))) join `tbl_book_info` on((`tbl_returned_book`.`b_id` = `tbl_book_info`.`b_id`))) ;

-- --------------------------------------------------------

--
-- Structure for view `view_students_information`
--
DROP TABLE IF EXISTS `view_students_information`;

CREATE ALGORITHM=UNDEFINED DEFINER=`root`@`localhost` SQL SECURITY DEFINER VIEW `view_students_information`  AS  select `tbl_student_info`.`stud_id` AS `stud_id`,`tbl_student_info`.`stud_id_number` AS `stud_id_number`,`tbl_student_info`.`stud_fn` AS `stud_fn`,`tbl_student_info`.`stud_mn` AS `stud_mn`,`tbl_student_info`.`stud_ln` AS `stud_ln`,`tbl_student_info`.`stud_parent_number` AS `stud_parent_number`,`tbl_yr`.`yr_details` AS `yr_details`,`tbl_sec`.`sec_id` AS `sec_id`,`tbl_sec`.`sec_details` AS `sec_details`,`tbl_rfid_tag`.`rfid_tag_id` AS `rfid_tag_id`,`tbl_rfid_tag`.`rfid_tag_active` AS `rfid_tag_active`,`tbl_student_info`.`rfid_id` AS `rfid_id`,`tbl_student_info`.`stud_active` AS `stud_active`,`tbl_student_info`.`img` AS `img` from (((`tbl_student_info` join `tbl_sec` on((`tbl_student_info`.`sec_id` = `tbl_sec`.`sec_id`))) join `tbl_yr` on((`tbl_student_info`.`yr_id` = `tbl_yr`.`yr_id`))) left join `tbl_rfid_tag` on((`tbl_student_info`.`rfid_id` = `tbl_rfid_tag`.`rfid_id`))) ;

/*!40101 SET CHARACTER_SET_CLIENT=@OLD_CHARACTER_SET_CLIENT */;
/*!40101 SET CHARACTER_SET_RESULTS=@OLD_CHARACTER_SET_RESULTS */;
/*!40101 SET COLLATION_CONNECTION=@OLD_COLLATION_CONNECTION */;
